image,DNL,D00,D10,D20,D40,strat,subset
4076,0,0,0,0,4,S0001,train
9,1,0,0,0,0,S0000,train
762,0,1,1,0,0,S1100,train
10229,0,0,0,2,0,S0010,train
4041,1,0,0,0,0,S0000,train
4957,0,3,0,1,0,S1010,train
841,1,0,0,0,0,S0000,train
288,1,0,0,0,0,S0000,train
26720,1,0,0,0,0,S0000,train
26848,1,0,0,0,0,S0000,train
4757,1,0,0,0,0,S0000,train
281,0,0,0,0,1,S0001,train
4807,1,0,0,0,0,S0000,train
26735,1,0,0,0,0,S0000,train
4171,0,2,2,0,0,S1100,train
4344,0,8,5,0,0,S1100,train
4364,0,5,5,0,0,S1100,train
26727,1,0,0,0,0,S0000,train
10483,1,0,0,0,0,S0000,train
10146,1,0,0,0,0,S0000,train
681,0,0,0,0,1,S0001,train
168,0,1,3,0,3,S1101,train
922,0,1,2,0,0,S1100,train
26544,1,0,0,0,0,S0000,train
4938,0,3,0,1,0,S1010,train
990,1,0,0,0,0,S0000,train
870,0,0,0,0,2,S0001,train
10050,0,1,0,0,0,S1000,train
4762,0,0,1,0,1,S0101,train
476,0,0,1,0,4,S0101,train
4693,1,0,0,0,0,S0000,train
4349,0,3,2,0,0,S1100,train
529,0,0,0,0,1,S0001,train
455,1,0,0,0,0,S0000,train
172,0,0,0,0,1,S0001,train
309,1,0,0,0,0,S0000,train
4391,1,0,0,0,0,S0000,train
26692,1,0,0,0,0,S0000,train
311,1,0,0,0,0,S0000,train
10192,1,0,0,0,0,S0000,train
765,1,0,0,0,0,S0000,train
26835,1,0,0,0,0,S0000,train
4212,0,0,2,0,0,S0100,train
10158,0,0,1,0,0,S0100,train
389,0,0,1,0,0,S0100,train
4696,1,0,0,0,0,S0000,train
26872,1,0,0,0,0,S0000,train
4308,0,2,1,0,0,S1100,train
26873,1,0,0,0,0,S0000,train
4804,1,0,0,0,0,S0000,train
4707,0,2,1,0,0,S1100,train
4031,0,0,1,0,0,S0100,train
4581,1,0,0,0,0,S0000,train
26786,1,0,0,0,0,S0000,train
45,0,0,2,0,2,S0101,train
10329,1,0,0,0,0,S0000,train
973,0,1,1,0,0,S1100,train
771,1,0,0,0,0,S0000,train
26851,1,0,0,0,0,S0000,train
154,0,0,1,0,1,S0101,train
4506,0,2,0,0,0,S1000,train
4231,0,1,0,0,0,S1000,train
4502,0,4,2,0,0,S1100,train
4332,0,8,2,0,3,S1101,train
4044,1,0,0,0,0,S0000,train
26834,1,0,0,0,0,S0000,train
26780,1,0,0,0,0,S0000,train
4176,1,0,0,0,0,S0000,train
10350,1,0,0,0,0,S0000,train
4120,1,0,0,0,0,S0000,train
4489,0,3,2,0,0,S1100,train
880,0,3,5,1,0,S1110,train
4856,0,0,1,0,0,S0100,train
566,1,0,0,0,0,S0000,train
10197,0,0,1,0,0,S0100,train
4089,0,0,0,0,1,S0001,train
4102,1,0,0,0,0,S0000,train
4654,0,8,1,0,0,S1100,train
26690,0,0,0,0,1,S0001,train
10325,0,0,0,2,0,S0010,train
835,0,0,0,0,1,S0001,train
4524,0,0,3,0,0,S0100,train
4755,0,0,1,0,0,S0100,train
26883,1,0,0,0,0,S0000,train
497,0,0,1,0,2,S0101,train
10399,1,0,0,0,0,S0000,train
4959,0,3,0,1,0,S1010,train
4473,0,3,3,0,0,S1100,train
315,1,0,0,0,0,S0000,train
4583,1,0,0,0,0,S0000,train
194,1,0,0,0,0,S0000,train
264,1,0,0,0,0,S0000,train
597,1,0,0,0,0,S0000,train
4267,0,2,1,0,0,S1100,train
4599,1,0,0,0,0,S0000,train
10019,0,3,0,0,3,S1001,train
4745,0,2,1,0,0,S1100,train
10120,1,0,0,0,0,S0000,train
4217,0,2,2,0,0,S1100,train
4783,1,0,0,0,0,S0000,train
10211,0,0,0,1,0,S0010,train
26596,1,0,0,0,0,S0000,train
10203,0,2,2,0,0,S1100,train
416,1,0,0,0,0,S0000,train
10449,1,0,0,0,0,S0000,train
26859,1,0,0,0,0,S0000,train
10053,0,0,0,6,0,S0010,train
4860,0,2,0,0,0,S1000,train
779,0,2,2,0,0,S1100,train
4326,0,5,2,0,0,S1100,train
4043,1,0,0,0,0,S0000,train
4559,0,0,4,0,1,S0101,train
743,0,0,0,0,1,S0001,train
4511,0,0,2,0,0,S0100,train
4886,0,0,0,0,1,S0001,train
4560,0,1,2,1,2,S1111,train
4569,1,0,0,0,0,S0000,train
4187,0,1,0,0,0,S1000,train
26638,1,0,0,0,0,S0000,train
26901,1,0,0,0,0,S0000,train
4151,1,0,0,0,0,S0000,train
36,0,0,1,0,1,S0101,train
10057,0,0,3,0,0,S0100,train
761,0,6,0,0,1,S1001,train
654,0,0,1,0,0,S0100,train
10446,1,0,0,0,0,S0000,train
108,0,0,0,0,1,S0001,train
4068,1,0,0,0,0,S0000,train
10224,0,0,0,3,0,S0010,train
296,0,0,0,0,1,S0001,train
4460,0,2,1,0,7,S1101,train
4278,0,2,4,0,3,S1101,train
636,1,0,0,0,0,S0000,train
912,0,2,3,0,0,S1100,train
358,0,0,0,0,7,S0001,train
10012,0,0,1,3,1,S0111,train
10434,1,0,0,0,0,S0000,train
4399,0,3,0,0,0,S1000,train
26747,1,0,0,0,0,S0000,train
35,0,0,0,0,1,S0001,train
939,0,0,0,0,1,S0001,train
26941,1,0,0,0,0,S0000,train
443,1,0,0,0,0,S0000,train
201,1,0,0,0,0,S0000,train
881,0,0,3,0,4,S0101,train
4405,0,0,1,0,0,S0100,train
10267,1,0,0,0,0,S0000,train
87,0,0,2,0,1,S0101,train
754,1,0,0,0,0,S0000,train
67,0,0,2,0,2,S0101,train
10160,1,0,0,0,0,S0000,train
10010,0,0,0,3,3,S0011,train
26928,1,0,0,0,0,S0000,train
4228,0,0,4,0,0,S0100,train
4891,1,0,0,0,0,S0000,train
322,1,0,0,0,0,S0000,train
640,1,0,0,0,0,S0000,train
107,0,0,0,0,1,S0001,train
10273,1,0,0,0,0,S0000,train
475,0,0,2,1,4,S0111,train
4544,1,0,0,0,0,S0000,train
4571,1,0,0,0,0,S0000,train
4960,0,3,0,0,0,S1000,train
10321,1,0,0,0,0,S0000,train
10038,1,0,0,0,0,S0000,train
4909,0,3,0,1,0,S1010,train
4386,0,5,0,0,0,S1000,train
128,1,0,0,0,0,S0000,train
26711,1,0,0,0,0,S0000,train
10338,1,0,0,0,0,S0000,train
26736,1,0,0,0,0,S0000,train
391,1,0,0,0,0,S0000,train
4803,1,0,0,0,0,S0000,train
609,0,0,0,0,2,S0001,train
26912,1,0,0,0,0,S0000,train
4651,0,8,1,0,0,S1100,train
26694,1,0,0,0,0,S0000,train
846,1,0,0,0,0,S0000,train
4656,0,8,1,0,0,S1100,train
56,0,0,2,0,2,S0101,train
4106,1,0,0,0,0,S0000,train
4263,0,2,1,0,1,S1101,train
10407,1,0,0,0,0,S0000,train
660,1,0,0,0,0,S0000,train
4003,0,1,2,0,0,S1100,train
10421,1,0,0,0,0,S0000,train
913,0,2,1,0,0,S1100,train
10214,0,0,0,1,0,S0010,train
10064,0,0,0,1,0,S0010,train
993,0,3,3,0,2,S1101,train
4536,1,0,0,0,0,S0000,train
4740,0,1,0,0,0,S1000,train
26678,1,0,0,0,0,S0000,train
4435,0,0,1,0,0,S0100,train
10423,1,0,0,0,0,S0000,train
189,1,0,0,0,0,S0000,train
150,0,2,2,1,0,S1110,train
230,1,0,0,0,0,S0000,train
10171,1,0,0,0,0,S0000,train
4562,0,0,3,0,0,S0100,train
4781,1,0,0,0,0,S0000,train
527,1,0,0,0,0,S0000,train
4928,0,1,0,1,0,S1010,train
158,0,2,1,1,2,S1111,train
10379,1,0,0,0,0,S0000,train
814,0,0,0,0,1,S0001,train
26537,0,0,0,1,0,S0010,train
4833,0,3,1,0,0,S1100,train
207,1,0,0,0,0,S0000,train
751,0,0,0,0,2,S0001,train
488,0,0,2,1,3,S0111,train
914,0,1,0,0,0,S1000,train
4145,0,4,0,0,0,S1000,train
4045,1,0,0,0,0,S0000,train
26561,0,0,0,1,0,S0010,train
532,0,0,0,0,2,S0001,train
4330,0,6,3,0,0,S1100,train
26911,1,0,0,0,0,S0000,train
4242,0,1,2,0,0,S1100,train
263,1,0,0,0,0,S0000,train
26895,1,0,0,0,0,S0000,train
4958,0,3,0,1,0,S1010,train
426,1,0,0,0,0,S0000,train
26839,1,0,0,0,0,S0000,train
26942,1,0,0,0,0,S0000,train
4110,1,0,0,0,0,S0000,train
4236,0,1,0,0,0,S1000,train
637,0,0,0,0,1,S0001,train
135,0,0,0,0,1,S0001,train
704,1,0,0,0,0,S0000,train
4623,0,1,2,0,1,S1101,train
719,1,0,0,0,0,S0000,train
4927,0,2,0,1,0,S1010,train
26702,1,0,0,0,0,S0000,train
180,1,0,0,0,0,S0000,train
500,1,0,0,0,0,S0000,train
4361,0,8,4,0,2,S1101,train
10310,1,0,0,0,0,S0000,train
10475,1,0,0,0,0,S0000,train
4304,0,1,2,0,0,S1100,train
4897,0,0,0,1,0,S0010,train
10191,0,0,1,0,0,S0100,train
623,0,2,2,3,0,S1110,train
804,0,1,1,0,4,S1101,train
369,0,0,0,0,4,S0001,train
518,0,0,0,0,1,S0001,train
4899,0,3,0,1,0,S1010,train
26719,1,0,0,0,0,S0000,train
4741,0,1,1,0,0,S1100,train
4296,0,1,2,0,0,S1100,train
4410,1,0,0,0,0,S0000,train
92,1,0,0,0,0,S0000,train
4585,1,0,0,0,0,S0000,train
10066,0,0,2,2,0,S0110,train
4550,0,0,2,0,0,S0100,train
4021,0,0,1,0,0,S0100,train
26841,1,0,0,0,0,S0000,train
10462,1,0,0,0,0,S0000,train
4179,1,0,0,0,0,S0000,train
26531,0,0,0,3,0,S0010,train
4005,0,3,4,0,0,S1100,train
588,1,0,0,0,0,S0000,train
26745,1,0,0,0,0,S0000,train
827,1,0,0,0,0,S0000,train
4573,1,0,0,0,0,S0000,train
4925,0,3,0,1,0,S1010,train
149,0,0,2,0,1,S0101,train
4636,0,1,2,0,0,S1100,train
4903,0,2,0,1,0,S1010,train
26897,1,0,0,0,0,S0000,train
361,1,0,0,0,0,S0000,train
777,0,0,1,0,1,S0101,train
377,0,1,0,0,0,S1000,train
10388,1,0,0,0,0,S0000,train
422,1,0,0,0,0,S0000,train
4637,0,1,2,0,0,S1100,train
4875,0,1,0,0,0,S1000,train
4163,0,0,1,0,1,S0101,train
175,0,0,4,0,2,S0101,train
4973,1,0,0,0,0,S0000,train
217,1,0,0,0,0,S0000,train
10469,1,0,0,0,0,S0000,train
452,1,0,0,0,0,S0000,train
4073,1,0,0,0,0,S0000,train
405,0,0,0,0,1,S0001,train
4638,0,1,2,0,0,S1100,train
796,0,1,2,0,0,S1100,train
26811,1,0,0,0,0,S0000,train
10034,0,0,0,0,6,S0001,train
4735,1,0,0,0,0,S0000,train
4277,0,3,3,0,0,S1100,train
382,0,1,0,0,0,S1000,train
649,1,0,0,0,0,S0000,train
26957,1,0,0,0,0,S0000,train
10222,0,3,2,0,1,S1101,train
4234,0,1,0,0,0,S1000,train
316,1,0,0,0,0,S0000,train
10225,0,0,0,3,0,S0010,train
4631,0,1,2,0,0,S1100,train
26820,1,0,0,0,0,S0000,train
10299,1,0,0,0,0,S0000,train
4166,0,0,1,0,1,S0101,train
62,0,0,2,0,2,S0101,train
861,0,1,0,0,0,S1000,train
4674,1,0,0,0,0,S0000,train
10087,1,0,0,0,0,S0000,train
10195,0,2,1,0,0,S1100,train
221,1,0,0,0,0,S0000,train
4930,0,3,0,1,0,S1010,train
24,0,0,0,0,2,S0001,train
496,0,0,1,1,0,S0110,train
4155,0,0,1,0,1,S0101,train
191,1,0,0,0,0,S0000,train
73,0,0,2,0,2,S0101,train
26769,1,0,0,0,0,S0000,train
4197,0,3,3,0,0,S1100,train
114,0,0,0,0,5,S0001,train
337,1,0,0,0,0,S0000,train
10318,1,0,0,0,0,S0000,train
815,0,5,2,0,4,S1101,train
4829,1,0,0,0,0,S0000,train
4549,0,0,3,0,0,S0100,train
26515,0,0,0,2,0,S0010,train
839,0,0,1,0,0,S0100,train
10316,1,0,0,0,0,S0000,train
231,1,0,0,0,0,S0000,train
4424,0,4,4,0,1,S1101,train
10363,1,0,0,0,0,S0000,train
4734,1,0,0,0,0,S0000,train
4828,1,0,0,0,0,S0000,train
10198,1,0,0,0,0,S0000,train
26915,1,0,0,0,0,S0000,train
4036,1,0,0,0,0,S0000,train
26582,0,0,0,3,0,S0010,train
26504,0,0,0,3,0,S0010,train
10156,1,0,0,0,0,S0000,train
4238,0,3,2,0,0,S1100,train
4059,1,0,0,0,0,S0000,train
677,0,2,3,1,0,S1110,train
10111,1,0,0,0,0,S0000,train
26668,1,0,0,0,0,S0000,train
683,0,0,0,0,1,S0001,train
10070,1,0,0,0,0,S0000,train
791,1,0,0,0,0,S0000,train
4935,0,3,0,1,0,S1010,train
220,1,0,0,0,0,S0000,train
4882,0,0,1,0,0,S0100,train
710,1,0,0,0,0,S0000,train
10262,1,0,0,0,0,S0000,train
26967,1,0,0,0,0,S0000,train
4513,1,0,0,0,0,S0000,train
10389,1,0,0,0,0,S0000,train
822,1,0,0,0,0,S0000,train
4853,1,0,0,0,0,S0000,train
4222,1,0,0,0,0,S0000,train
10354,1,0,0,0,0,S0000,train
517,0,0,0,0,1,S0001,train
26706,1,0,0,0,0,S0000,train
4622,0,1,2,0,0,S1100,train
4015,0,1,0,0,1,S1001,train
849,0,2,0,0,2,S1001,train
4299,0,2,0,0,0,S1000,train
599,1,0,0,0,0,S0000,train
4117,0,0,0,1,0,S0010,train
125,1,0,0,0,0,S0000,train
945,0,4,1,1,0,S1110,train
4652,0,8,1,0,0,S1100,train
4297,0,1,3,0,0,S1100,train
10166,1,0,0,0,0,S0000,train
16,0,0,0,0,2,S0001,train
10302,1,0,0,0,0,S0000,train
620,0,1,1,2,0,S1110,train
26959,1,0,0,0,0,S0000,train
479,0,0,2,0,4,S0101,train
26878,1,0,0,0,0,S0000,train
402,0,0,0,0,1,S0001,train
10426,1,0,0,0,0,S0000,train
4974,1,0,0,0,0,S0000,train
4798,1,0,0,0,0,S0000,train
928,0,0,2,0,2,S0101,train
4181,0,0,1,0,0,S0100,train
26640,1,0,0,0,0,S0000,train
4503,0,1,0,0,0,S1000,train
4742,0,5,3,0,0,S1100,train
131,1,0,0,0,0,S0000,train
598,1,0,0,0,0,S0000,train
4527,0,0,0,0,2,S0001,train
10435,1,0,0,0,0,S0000,train
4895,0,5,0,1,0,S1010,train
4436,1,0,0,0,0,S0000,train
4708,0,3,1,0,0,S1100,train
26671,1,0,0,0,0,S0000,train
10132,0,1,0,0,0,S1000,train
10409,1,0,0,0,0,S0000,train
4894,0,2,0,0,0,S1000,train
840,1,0,0,0,0,S0000,train
10233,0,0,0,2,0,S0010,train
4458,0,2,4,0,3,S1101,train
755,1,0,0,0,0,S0000,train
4789,1,0,0,0,0,S0000,train
137,0,0,0,1,0,S0010,train
26777,1,0,0,0,0,S0000,train
419,0,0,0,1,0,S0010,train
10105,0,0,1,0,0,S0100,train
26651,1,0,0,0,0,S0000,train
170,0,2,2,0,2,S1101,train
4818,1,0,0,0,0,S0000,train
466,0,0,2,1,4,S0111,train
4926,0,3,0,1,0,S1010,train
4817,0,1,2,0,0,S1100,train
26951,1,0,0,0,0,S0000,train
4747,0,1,0,0,0,S1000,train
310,1,0,0,0,0,S0000,train
463,0,0,2,0,4,S0101,train
4322,0,3,1,0,0,S1100,train
4483,0,2,2,0,0,S1100,train
10114,0,2,0,0,1,S1001,train
26554,1,0,0,0,0,S0000,train
4970,1,0,0,0,0,S0000,train
4977,0,0,0,0,1,S0001,train
4261,0,0,1,0,0,S0100,train
4182,0,0,1,0,0,S0100,train
10193,1,0,0,0,0,S0000,train
4900,0,3,0,1,0,S1010,train
26748,1,0,0,0,0,S0000,train
10445,1,0,0,0,0,S0000,train
425,0,0,1,0,0,S0100,train
10020,0,0,0,0,1,S0001,train
481,0,0,3,1,4,S0111,train
4363,0,5,3,1,0,S1110,train
379,0,1,0,0,0,S1000,train
26868,1,0,0,0,0,S0000,train
482,0,0,2,1,4,S0111,train
26509,1,0,0,0,0,S0000,train
4327,0,4,1,0,0,S1100,train
26938,1,0,0,0,0,S0000,train
10163,0,1,0,0,0,S1000,train
4678,0,0,1,0,0,S0100,train
26523,0,0,0,2,0,S0010,train
744,0,0,0,0,1,S0001,train
4861,0,1,0,0,1,S1001,train
10236,0,0,0,1,0,S0010,train
884,0,4,0,0,0,S1000,train
90,1,0,0,0,0,S0000,train
4081,0,0,0,0,2,S0001,train
10117,1,0,0,0,0,S0000,train
26549,1,0,0,0,0,S0000,train
4432,0,0,2,0,0,S0100,train
10425,1,0,0,0,0,S0000,train
4965,0,2,1,0,0,S1100,train
4951,0,3,0,1,0,S1010,train
26856,1,0,0,0,0,S0000,train
213,1,0,0,0,0,S0000,train
4078,0,0,0,0,5,S0001,train
245,0,0,0,0,2,S0001,train
93,0,1,1,0,0,S1100,train
4359,0,4,0,0,1,S1001,train
4695,0,0,1,0,0,S0100,train
746,1,0,0,0,0,S0000,train
603,0,1,1,0,0,S1100,train
638,1,0,0,0,0,S0000,train
199,0,0,1,0,0,S0100,train
432,0,0,0,2,0,S0010,train
393,0,0,2,0,0,S0100,train
4901,0,3,0,1,0,S1010,train
26737,1,0,0,0,0,S0000,train
134,1,0,0,0,0,S0000,train
10212,0,0,0,1,0,S0010,train
4832,0,3,3,0,0,S1100,train
4004,0,1,2,0,0,S1100,train
915,1,0,0,0,0,S0000,train
735,0,1,1,0,1,S1101,train
333,1,0,0,0,0,S0000,train
714,0,0,0,0,1,S0001,train
10335,0,0,0,1,0,S0010,train
26801,1,0,0,0,0,S0000,train
26832,1,0,0,0,0,S0000,train
225,1,0,0,0,0,S0000,train
4416,1,0,0,0,0,S0000,train
26660,1,0,0,0,0,S0000,train
4268,0,1,1,0,1,S1101,train
4128,0,0,0,0,1,S0001,train
951,0,0,0,1,0,S0010,train
4658,0,8,1,0,0,S1100,train
4115,0,0,0,0,1,S0001,train
4685,1,0,0,0,0,S0000,train
4048,1,0,0,0,0,S0000,train
4868,0,3,0,0,0,S1000,train
26614,1,0,0,0,0,S0000,train
434,0,0,1,0,0,S0100,train
10353,1,0,0,0,0,S0000,train
4428,0,0,0,0,2,S0001,train
26634,1,0,0,0,0,S0000,train
26655,1,0,0,0,0,S0000,train
4331,0,4,2,0,1,S1101,train
558,1,0,0,0,0,S0000,train
536,0,0,0,0,2,S0001,train
572,0,1,1,0,3,S1101,train
4607,0,0,0,1,0,S0010,train
10248,0,0,0,1,0,S0010,train
576,0,0,0,1,0,S0010,train
4854,1,0,0,0,0,S0000,train
343,1,0,0,0,0,S0000,train
26741,1,0,0,0,0,S0000,train
4174,0,0,0,0,1,S0001,train
4398,0,1,0,0,0,S1000,train
10285,1,0,0,0,0,S0000,train
634,0,1,2,0,2,S1101,train
4630,0,1,2,0,0,S1100,train
4374,0,1,1,0,0,S1100,train
4753,1,0,0,0,0,S0000,train
587,0,1,1,0,0,S1100,train
4937,0,3,0,1,0,S1010,train
26696,1,0,0,0,0,S0000,train
10174,0,1,0,0,0,S1000,train
8,1,0,0,0,0,S0000,train
4012,0,1,1,0,0,S1100,train
10220,0,2,0,0,0,S1000,train
110,0,0,0,0,1,S0001,train
4582,1,0,0,0,0,S0000,train
4098,0,0,0,0,1,S0001,train
522,1,0,0,0,0,S0000,train
4423,0,3,1,0,3,S1101,train
4917,0,3,0,1,0,S1010,train
19,0,0,0,0,2,S0001,train
195,1,0,0,0,0,S0000,train
260,1,0,0,0,0,S0000,train
4681,0,0,1,0,0,S0100,train
10351,1,0,0,0,0,S0000,train
10167,1,0,0,0,0,S0000,train
348,1,0,0,0,0,S0000,train
106,0,0,0,0,1,S0001,train
4422,0,3,0,0,0,S1000,train
4457,0,2,8,0,7,S1101,train
941,1,0,0,0,0,S0000,train
4046,1,0,0,0,0,S0000,train
4091,0,0,0,0,1,S0001,train
451,1,0,0,0,0,S0000,train
485,0,0,2,1,3,S0111,train
10408,1,0,0,0,0,S0000,train
960,0,0,1,0,0,S0100,train
26824,1,0,0,0,0,S0000,train
4090,0,0,0,0,1,S0001,train
4814,0,0,3,0,0,S0100,train
4086,1,0,0,0,0,S0000,train
703,1,0,0,0,0,S0000,train
367,0,0,0,0,3,S0001,train
26558,1,0,0,0,0,S0000,train
651,1,0,0,0,0,S0000,train
4975,1,0,0,0,0,S0000,train
4811,1,0,0,0,0,S0000,train
104,1,0,0,0,0,S0000,train
4864,0,1,0,0,0,S1000,train
384,0,1,0,0,0,S1000,train
4006,0,5,0,0,0,S1000,train
10213,0,0,0,2,0,S0010,train
26742,1,0,0,0,0,S0000,train
4760,1,0,0,0,0,S0000,train
4150,1,0,0,0,0,S0000,train
26970,1,0,0,0,0,S0000,train
4665,0,8,1,0,0,S1100,train
100,0,0,0,0,1,S0001,train
768,0,1,1,0,3,S1101,train
866,0,0,0,0,1,S0001,train
4621,0,1,2,0,0,S1100,train
975,0,0,0,0,1,S0001,train
4434,0,0,1,0,0,S0100,train
364,0,0,0,0,4,S0001,train
573,0,1,3,0,1,S1101,train
130,1,0,0,0,0,S0000,train
800,1,0,0,0,0,S0000,train
26578,0,0,0,4,0,S0010,train
10296,1,0,0,0,0,S0000,train
26550,1,0,0,0,0,S0000,train
10427,1,0,0,0,0,S0000,train
987,0,0,0,0,2,S0001,train
10247,0,0,0,1,0,S0010,train
26601,1,0,0,0,0,S0000,train
657,1,0,0,0,0,S0000,train
26520,0,0,0,2,0,S0010,train
4661,0,8,1,0,0,S1100,train
280,1,0,0,0,0,S0000,train
26900,1,0,0,0,0,S0000,train
13,1,0,0,0,0,S0000,train
4580,1,0,0,0,0,S0000,train
10306,1,0,0,0,0,S0000,train
4968,0,2,0,0,0,S1000,train
828,1,0,0,0,0,S0000,train
4070,1,0,0,0,0,S0000,train
105,0,0,0,0,1,S0001,train
26599,1,0,0,0,0,S0000,train
10005,0,4,0,0,0,S1000,train
10376,1,0,0,0,0,S0000,train
772,1,0,0,0,0,S0000,train
26564,0,0,0,1,0,S0010,train
4493,0,2,2,0,0,S1100,train
823,0,0,1,0,0,S0100,train
418,1,0,0,0,0,S0000,train
26598,1,0,0,0,0,S0000,train
4672,0,2,0,0,0,S1000,train
4684,1,0,0,0,0,S0000,train
4258,0,4,8,0,0,S1100,train
10405,1,0,0,0,0,S0000,train
439,0,0,1,0,0,S0100,train
26791,1,0,0,0,0,S0000,train
801,1,0,0,0,0,S0000,train
877,1,0,0,0,0,S0000,train
4077,0,0,0,0,5,S0001,train
26758,1,0,0,0,0,S0000,train
4995,0,0,1,0,0,S0100,train
850,0,1,1,0,0,S1100,train
10061,1,0,0,0,0,S0000,train
10347,1,0,0,0,0,S0000,train
4406,0,0,1,0,0,S0100,train
26624,1,0,0,0,0,S0000,train
351,1,0,0,0,0,S0000,train
4138,1,0,0,0,0,S0000,train
10492,1,0,0,0,0,S0000,train
88,0,0,2,0,1,S0101,train
782,0,1,0,0,0,S1000,train
26689,1,0,0,0,0,S0000,train
26713,1,0,0,0,0,S0000,train
10396,1,0,0,0,0,S0000,train
4794,1,0,0,0,0,S0000,train
4195,0,3,2,1,0,S1110,train
615,1,0,0,0,0,S0000,train
10261,1,0,0,0,0,S0000,train
4885,0,0,1,0,0,S0100,train
581,0,1,1,0,0,S1100,train
4827,1,0,0,0,0,S0000,train
26771,1,0,0,0,0,S0000,train
586,0,1,1,0,0,S1100,train
26629,1,0,0,0,0,S0000,train
868,0,1,2,0,0,S1100,train
26809,1,0,0,0,0,S0000,train
4765,1,0,0,0,0,S0000,train
4540,0,1,3,0,3,S1101,train
10278,1,0,0,0,0,S0000,train
26881,1,0,0,0,0,S0000,train
4298,0,1,1,0,0,S1100,train
4862,1,0,0,0,0,S0000,train
360,0,0,0,0,5,S0001,train
10085,1,0,0,0,0,S0000,train
4586,1,0,0,0,0,S0000,train
910,0,1,0,0,0,S1000,train
4596,1,0,0,0,0,S0000,train
4101,1,0,0,0,0,S0000,train
4280,0,1,2,0,0,S1100,train
26892,1,0,0,0,0,S0000,train
633,0,1,1,0,0,S1100,train
319,1,0,0,0,0,S0000,train
4096,1,0,0,0,0,S0000,train
283,1,0,0,0,0,S0000,train
26956,1,0,0,0,0,S0000,train
50,0,0,2,0,2,S0101,train
4093,0,0,0,0,1,S0001,train
663,0,0,0,2,0,S0010,train
4147,1,0,0,0,0,S0000,train
10437,1,0,0,0,0,S0000,train
4601,1,0,0,0,0,S0000,train
483,0,0,2,1,4,S0111,train
10289,1,0,0,0,0,S0000,train
26672,1,0,0,0,0,S0000,train
4404,0,1,0,1,3,S1011,train
676,0,2,3,0,0,S1100,train
26637,1,0,0,0,0,S0000,train
4221,1,0,0,0,0,S0000,train
10092,0,2,0,0,0,S1000,train
4466,0,2,0,0,0,S1000,train
4692,0,0,2,0,0,S0100,train
4615,0,0,2,0,4,S0101,train
4563,0,0,3,0,0,S0100,train
4219,0,0,1,0,0,S0100,train
26931,1,0,0,0,0,S0000,train
10018,0,5,0,0,4,S1001,train
4079,0,0,0,0,2,S0001,train
4497,0,5,3,0,0,S1100,train
556,0,2,0,2,1,S1011,train
119,0,0,0,0,1,S0001,train
10040,1,0,0,0,0,S0000,train
4542,1,0,0,0,0,S0000,train
26526,0,0,0,3,0,S0010,train
4752,1,0,0,0,0,S0000,train
10154,1,0,0,0,0,S0000,train
10039,0,0,0,2,0,S0010,train
4653,0,8,1,0,0,S1100,train
10331,0,0,0,0,1,S0001,train
4055,1,0,0,0,0,S0000,train
580,0,1,1,0,0,S1100,train
4286,0,2,2,0,0,S1100,train
293,1,0,0,0,0,S0000,train
4953,0,3,0,1,0,S1010,train
626,0,3,5,1,0,S1110,train
4348,0,2,2,0,1,S1101,train
291,0,1,0,0,0,S1000,train
4923,0,3,0,1,0,S1010,train
10035,1,0,0,0,0,S0000,train
4777,1,0,0,0,0,S0000,train
4169,0,0,1,0,1,S0101,train
4916,0,3,0,1,0,S1010,train
4401,0,6,1,0,0,S1100,train
4065,0,0,0,1,0,S0010,train
446,0,0,0,0,4,S0001,train
4051,1,0,0,0,0,S0000,train
10436,1,0,0,0,0,S0000,train
4035,1,0,0,0,0,S0000,train
550,1,0,0,0,0,S0000,train
26926,1,0,0,0,0,S0000,train
999,0,0,0,0,10,S0001,train
925,0,0,1,0,3,S0101,train
4985,1,0,0,0,0,S0000,train
4642,0,1,2,0,0,S1100,train
4888,1,0,0,0,0,S0000,train
478,0,0,3,1,4,S0111,train
994,0,4,0,0,3,S1001,train
26536,0,0,0,2,0,S0010,train
26529,0,0,0,3,0,S0010,train
271,1,0,0,0,0,S0000,train
4919,0,3,0,1,0,S1010,train
206,1,0,0,0,0,S0000,train
574,1,0,0,0,0,S0000,train
830,0,0,1,0,1,S0101,train
4269,0,2,1,0,1,S1101,train
843,0,0,1,0,0,S0100,train
769,0,3,4,0,3,S1101,train
4290,0,0,1,0,3,S0101,train
193,1,0,0,0,0,S0000,train
4264,0,0,1,0,0,S0100,train
26842,1,0,0,0,0,S0000,train
821,0,0,4,0,0,S0100,train
26843,1,0,0,0,0,S0000,train
898,1,0,0,0,0,S0000,train
10498,1,0,0,0,0,S0000,train
4207,0,0,6,0,0,S0100,train
4676,1,0,0,0,0,S0000,train
270,1,0,0,0,0,S0000,train
26703,1,0,0,0,0,S0000,train
4826,1,0,0,0,0,S0000,train
26776,1,0,0,0,0,S0000,train
4498,0,2,0,0,0,S1000,train
26770,1,0,0,0,0,S0000,train
474,0,0,2,1,4,S0111,train
10282,1,0,0,0,0,S0000,train
26712,1,0,0,0,0,S0000,train
10141,1,0,0,0,0,S0000,train
4092,0,1,0,0,0,S1000,train
26686,1,0,0,0,0,S0000,train
10186,1,0,0,0,0,S0000,train
921,0,4,1,0,1,S1101,train
183,1,0,0,0,0,S0000,train
10157,1,0,0,0,0,S0000,train
96,0,1,1,0,0,S1100,train
26665,1,0,0,0,0,S0000,train
10398,1,0,0,0,0,S0000,train
4896,0,3,0,1,0,S1010,train
198,1,0,0,0,0,S0000,train
4305,0,1,0,0,0,S1000,train
4618,0,1,0,0,0,S1000,train
4838,0,2,0,0,0,S1000,train
4490,0,4,5,0,0,S1100,train
826,1,0,0,0,0,S0000,train
10486,1,0,0,0,0,S0000,train
4400,0,5,4,0,2,S1101,train
453,1,0,0,0,0,S0000,train
458,0,0,2,1,4,S0111,train
783,0,2,0,0,0,S1000,train
4594,1,0,0,0,0,S0000,train
10184,1,0,0,0,0,S0000,train
332,1,0,0,0,0,S0000,train
10072,0,0,0,1,0,S0010,train
329,1,0,0,0,0,S0000,train
26932,1,0,0,0,0,S0000,train
6,0,0,0,1,0,S0010,train
4252,0,3,3,0,1,S1101,train
10048,1,0,0,0,0,S0000,train
116,1,0,0,0,0,S0000,train
26831,1,0,0,0,0,S0000,train
26761,1,0,0,0,0,S0000,train
26708,1,0,0,0,0,S0000,train
4107,1,0,0,0,0,S0000,train
10402,1,0,0,0,0,S0000,train
10472,1,0,0,0,0,S0000,train
340,1,0,0,0,0,S0000,train
4082,0,0,0,0,5,S0001,train
911,0,0,1,0,0,S0100,train
4337,0,0,1,0,3,S0101,train
26,1,0,0,0,0,S0000,train
632,0,1,1,0,0,S1100,train
196,1,0,0,0,0,S0000,train
495,0,0,1,1,1,S0111,train
886,0,1,2,1,1,S1111,train
4,0,0,0,1,0,S0010,train
10442,1,0,0,0,0,S0000,train
4981,0,0,1,0,0,S0100,train
307,0,0,0,0,3,S0001,train
4371,0,1,1,0,0,S1100,train
668,1,0,0,0,0,S0000,train
26766,1,0,0,0,0,S0000,train
4915,0,4,0,1,0,S1010,train
10041,1,0,0,0,0,S0000,train
297,1,0,0,0,0,S0000,train
4455,0,2,3,0,1,S1101,train
10413,1,0,0,0,0,S0000,train
963,0,0,0,0,1,S0001,train
565,1,0,0,0,0,S0000,train
238,0,0,1,0,0,S0100,train
607,0,0,0,0,1,S0001,train
26940,1,0,0,0,0,S0000,train
26572,1,0,0,0,0,S0000,train
10465,1,0,0,0,0,S0000,train
10371,1,0,0,0,0,S0000,train
76,0,0,2,0,2,S0101,train
10049,1,0,0,0,0,S0000,train
4233,1,0,0,0,0,S0000,train
4240,0,1,1,0,0,S1100,train
165,0,2,1,0,1,S1101,train
4729,1,0,0,0,0,S0000,train
4112,0,0,1,0,0,S0100,train
785,0,1,1,0,0,S1100,train
4467,0,1,7,0,1,S1101,train
4857,0,0,2,0,0,S0100,train
4083,0,1,0,0,0,S1000,train
456,1,0,0,0,0,S0000,train
4547,1,0,0,0,0,S0000,train
26639,1,0,0,0,0,S0000,train
10394,1,0,0,0,0,S0000,train
4313,0,2,1,0,7,S1101,train
4492,0,4,2,0,0,S1100,train
4992,1,0,0,0,0,S0000,train
10121,0,1,0,0,0,S1000,train
26905,1,0,0,0,0,S0000,train
10145,1,0,0,0,0,S0000,train
608,0,0,0,0,2,S0001,train
869,0,0,0,0,2,S0001,train
4568,0,0,2,0,0,S0100,train
4224,0,2,1,0,0,S1100,train
10422,1,0,0,0,0,S0000,train
26808,1,0,0,0,0,S0000,train
257,1,0,0,0,0,S0000,train
249,1,0,0,0,0,S0000,train
4726,0,0,1,0,0,S0100,train
26551,0,0,0,1,0,S0010,train
4766,1,0,0,0,0,S0000,train
4272,0,4,6,0,0,S1100,train
26774,1,0,0,0,0,S0000,train
10209,0,0,0,5,0,S0010,train
49,0,0,2,0,2,S0101,train
10450,1,0,0,0,0,S0000,train
10101,0,1,0,0,0,S1000,train
26866,1,0,0,0,0,S0000,train
4133,0,1,0,0,0,S1000,train
26580,0,0,0,2,0,S0010,train
460,0,0,2,1,4,S0111,train
10,1,0,0,0,0,S0000,train
4358,0,2,1,0,0,S1100,train
120,1,0,0,0,0,S0000,train
26975,1,0,0,0,0,S0000,train
26723,1,0,0,0,0,S0000,train
4944,0,3,0,1,0,S1010,train
26722,1,0,0,0,0,S0000,train
860,0,0,0,0,4,S0001,train
4230,0,0,2,0,0,S0100,train
4352,0,6,3,0,0,S1100,train
398,0,0,1,0,1,S0101,train
26806,1,0,0,0,0,S0000,train
4870,0,1,1,0,0,S1100,train
285,1,0,0,0,0,S0000,train
582,0,1,1,0,0,S1100,train
26535,0,0,0,2,0,S0010,train
4409,0,1,0,0,0,S1000,train
4982,0,0,1,0,0,S0100,train
4027,0,1,0,0,2,S1001,train
4851,0,1,0,0,0,S1000,train
4889,1,0,0,0,0,S0000,train
26955,1,0,0,0,0,S0000,train
10269,1,0,0,0,0,S0000,train
4664,0,8,1,0,0,S1100,train
181,1,0,0,0,0,S0000,train
756,0,0,1,0,0,S0100,train
26500,0,0,0,2,0,S0010,train
4579,1,0,0,0,0,S0000,train
4976,1,0,0,0,0,S0000,train
10133,0,1,0,0,0,S1000,train
26591,1,0,0,0,0,S0000,train
240,1,0,0,0,0,S0000,train
467,0,0,2,1,3,S0111,train
26644,1,0,0,0,0,S0000,train
26906,1,0,0,0,0,S0000,train
10244,0,0,0,1,0,S0010,train
4871,0,0,3,0,0,S0100,train
26828,1,0,0,0,0,S0000,train
4442,0,2,1,0,0,S1100,train
4810,1,0,0,0,0,S0000,train
26539,1,0,0,0,0,S0000,train
4039,1,0,0,0,0,S0000,train
507,1,0,0,0,0,S0000,train
234,1,0,0,0,0,S0000,train
4671,0,3,1,0,0,S1100,train
4407,0,0,1,0,0,S0100,train
4679,1,0,0,0,0,S0000,train
4445,0,0,2,0,0,S0100,train
4357,0,2,1,0,0,S1100,train
968,1,0,0,0,0,S0000,train
26581,0,0,0,1,0,S0010,train
26838,1,0,0,0,0,S0000,train
387,1,0,0,0,0,S0000,train
26899,1,0,0,0,0,S0000,train
210,1,0,0,0,0,S0000,train
838,0,0,0,0,1,S0001,train
969,0,0,1,0,0,S0100,train
10362,1,0,0,0,0,S0000,train
10479,1,0,0,0,0,S0000,train
4737,0,0,0,0,1,S0001,train
4939,0,3,0,1,0,S1010,train
26612,1,0,0,0,0,S0000,train
10463,1,0,0,0,0,S0000,train
4180,1,0,0,0,0,S0000,train
863,0,4,0,0,0,S1000,train
4736,1,0,0,0,0,S0000,train
10159,1,0,0,0,0,S0000,train
972,1,0,0,0,0,S0000,train
4945,0,3,0,1,0,S1010,train
26658,1,0,0,0,0,S0000,train
4292,0,0,0,0,5,S0001,train
10323,1,0,0,0,0,S0000,train
4210,1,0,0,0,0,S0000,train
989,0,2,0,0,0,S1000,train
4154,0,0,1,0,1,S0101,train
731,1,0,0,0,0,S0000,train
10367,1,0,0,0,0,S0000,train
593,0,1,1,0,0,S1100,train
417,1,0,0,0,0,S0000,train
4124,1,0,0,0,0,S0000,train
85,0,0,3,0,1,S0101,train
4728,1,0,0,0,0,S0000,train
4650,0,8,1,0,0,S1100,train
26602,0,1,0,0,0,S1000,train
4880,0,2,1,0,0,S1100,train
26894,1,0,0,0,0,S0000,train
279,1,0,0,0,0,S0000,train
568,0,0,3,0,1,S0101,train
509,0,0,0,0,1,S0001,train
10015,0,6,1,0,7,S1101,train
118,1,0,0,0,0,S0000,train
4451,1,0,0,0,0,S0000,train
10343,1,0,0,0,0,S0000,train
4390,0,5,0,0,0,S1000,train
788,1,0,0,0,0,S0000,train
4235,1,0,0,0,0,S0000,train
27,0,0,0,0,2,S0001,train
10043,1,0,0,0,0,S0000,train
26794,1,0,0,0,0,S0000,train
431,0,0,1,2,0,S0110,train
4022,0,0,1,0,0,S0100,train
26524,0,0,0,2,0,S0010,train
160,0,0,0,1,4,S0011,train
4266,0,1,0,0,2,S1001,train
4380,0,1,3,0,0,S1100,train
4720,0,0,4,0,0,S0100,train
693,0,0,1,0,0,S0100,train
4476,0,0,3,0,0,S0100,train
4011,0,5,2,0,0,S1100,train
834,1,0,0,0,0,S0000,train
564,1,0,0,0,0,S0000,train
368,0,0,0,0,2,S0001,train
10441,1,0,0,0,0,S0000,train
4605,1,0,0,0,0,S0000,train
4910,0,3,0,1,0,S1010,train
26817,1,0,0,0,0,S0000,train
4284,0,0,1,0,0,S0100,train
26571,1,0,0,0,0,S0000,train
590,1,0,0,0,0,S0000,train
4054,1,0,0,0,0,S0000,train
740,0,1,0,0,1,S1001,train
965,0,0,1,0,3,S0101,train
729,0,1,0,0,0,S1000,train
295,1,0,0,0,0,S0000,train
26669,1,0,0,0,0,S0000,train
10000,0,1,0,0,0,S1000,train
10155,1,0,0,0,0,S0000,train
539,0,0,0,0,2,S0001,train
4255,0,3,4,0,0,S1100,train
852,0,0,0,0,1,S0001,train
268,1,0,0,0,0,S0000,train
4306,0,2,2,0,0,S1100,train
10069,1,0,0,0,0,S0000,train
701,1,0,0,0,0,S0000,train
167,0,2,5,0,3,S1101,train
334,1,0,0,0,0,S0000,train
10135,1,0,0,0,0,S0000,train
4852,1,0,0,0,0,S0000,train
10153,1,0,0,0,0,S0000,train
10333,1,0,0,0,0,S0000,train
4382,0,1,0,0,0,S1000,train
4034,1,0,0,0,0,S0000,train
26698,1,0,0,0,0,S0000,train
26663,1,0,0,0,0,S0000,train
10032,1,0,0,0,0,S0000,train
4859,0,1,0,0,0,S1000,train
182,1,0,0,0,0,S0000,train
10384,1,0,0,0,0,S0000,train
10237,0,0,0,2,0,S0010,train
4144,0,2,0,0,0,S1000,train
4523,0,0,2,0,0,S0100,train
462,0,0,2,1,4,S0111,train
883,0,5,0,0,0,S1000,train
538,0,0,0,0,3,S0001,train
255,1,0,0,0,0,S0000,train
10266,1,0,0,0,0,S0000,train
163,0,1,2,1,3,S1111,train
4353,0,3,2,0,0,S1100,train
4094,0,0,0,0,1,S0001,train
26677,1,0,0,0,0,S0000,train
10218,0,1,0,1,0,S1010,train
10202,0,1,0,0,0,S1000,train
10177,1,0,0,0,0,S0000,train
4971,1,0,0,0,0,S0000,train
4481,0,0,2,0,0,S0100,train
691,0,0,0,0,1,S0001,train
4246,0,1,2,0,0,S1100,train
774,1,0,0,0,0,S0000,train
806,1,0,0,0,0,S0000,train
4989,1,0,0,0,0,S0000,train
10291,1,0,0,0,0,S0000,train
983,0,1,1,0,2,S1101,train
4158,0,0,1,0,1,S0101,train
583,1,0,0,0,0,S0000,train
4843,0,2,1,0,0,S1100,train
10151,0,0,1,0,0,S0100,train
575,0,0,0,1,0,S0010,train
10327,1,0,0,0,0,S0000,train
26775,1,0,0,0,0,S0000,train
26909,1,0,0,0,0,S0000,train
720,0,1,0,0,0,S1000,train
4452,1,0,0,0,0,S0000,train
142,0,0,2,0,2,S0101,train
579,1,0,0,0,0,S0000,train
4325,0,4,1,0,0,S1100,train
10206,0,2,2,0,0,S1100,train
4464,0,2,0,0,2,S1001,train
10297,1,0,0,0,0,S0000,train
304,1,0,0,0,0,S0000,train
10443,1,0,0,0,0,S0000,train
10210,0,0,0,2,0,S0010,train
10358,1,0,0,0,0,S0000,train
411,1,0,0,0,0,S0000,train
4215,0,2,1,2,0,S1110,train
4646,0,1,3,0,0,S1100,train
680,0,2,1,0,0,S1100,train
26617,1,0,0,0,0,S0000,train
10431,1,0,0,0,0,S0000,train
624,0,3,11,1,1,S1111,train
893,0,1,0,0,0,S1000,train
10181,0,0,2,0,0,S0100,train
646,1,0,0,0,0,S0000,train
4213,0,0,4,0,0,S0100,train
812,0,0,2,0,0,S0100,train
328,1,0,0,0,0,S0000,train
10457,1,0,0,0,0,S0000,train
4942,0,3,0,1,0,S1010,train
4499,0,8,3,0,0,S1100,train
10281,1,0,0,0,0,S0000,train
4480,0,0,4,0,0,S0100,train
541,0,3,0,0,7,S1001,train
139,0,0,1,0,1,S0101,train
4103,0,0,0,0,1,S0001,train
4507,0,3,1,0,0,S1100,train
514,0,0,1,5,0,S0110,train
10270,1,0,0,0,0,S0000,train
4320,0,1,2,0,0,S1100,train
171,0,0,4,0,0,S0100,train
10319,1,0,0,0,0,S0000,train
26574,1,0,0,0,0,S0000,train
903,0,4,1,0,0,S1100,train
252,1,0,0,0,0,S0000,train
26891,1,0,0,0,0,S0000,train
10115,1,0,0,0,0,S0000,train
4116,0,0,0,0,1,S0001,train
10448,1,0,0,0,0,S0000,train
4721,0,1,1,0,0,S1100,train
4488,0,0,1,0,1,S0101,train
643,0,0,0,0,1,S0001,train
4633,0,1,2,0,0,S1100,train
561,1,0,0,0,0,S0000,train
4556,0,0,5,0,0,S0100,train
4191,1,0,0,0,0,S0000,train
147,0,0,2,0,0,S0100,train
4776,1,0,0,0,0,S0000,train
69,0,0,2,0,2,S0101,train
26812,1,0,0,0,0,S0000,train
859,1,0,0,0,0,S0000,train
10290,1,0,0,0,0,S0000,train
10077,0,1,4,0,1,S1101,train
10355,1,0,0,0,0,S0000,train
4229,0,0,1,0,0,S0100,train
705,0,0,0,0,1,S0001,train
10257,0,0,0,2,0,S0010,train
10142,1,0,0,0,0,S0000,train
4192,0,0,0,0,1,S0001,train
124,1,0,0,0,0,S0000,train
4274,0,4,2,0,0,S1100,train
241,1,0,0,0,0,S0000,train
842,1,0,0,0,0,S0000,train
26764,1,0,0,0,0,S0000,train
900,0,2,0,0,0,S1000,train
501,1,0,0,0,0,S0000,train
82,0,0,2,0,2,S0101,train
4614,0,0,2,0,1,S0101,train
26813,1,0,0,0,0,S0000,train
934,0,2,1,0,2,S1101,train
4611,0,0,4,0,1,S0101,train
887,0,0,2,0,1,S0101,train
26924,1,0,0,0,0,S0000,train
26933,1,0,0,0,0,S0000,train
4319,0,0,1,0,0,S0100,train
324,1,0,0,0,0,S0000,train
10406,1,0,0,0,0,S0000,train
4639,0,1,2,0,0,S1100,train
26646,1,0,0,0,0,S0000,train
4479,0,1,0,0,0,S1000,train
440,1,0,0,0,0,S0000,train
10023,0,0,0,1,1,S0011,train
876,1,0,0,0,0,S0000,train
26815,1,0,0,0,0,S0000,train
26974,1,0,0,0,0,S0000,train
26707,1,0,0,0,0,S0000,train
26948,1,0,0,0,0,S0000,train
26615,1,0,0,0,0,S0000,train
26502,0,0,0,1,0,S0010,train
26768,1,0,0,0,0,S0000,train
4797,1,0,0,0,0,S0000,train
10410,1,0,0,0,0,S0000,train
4376,0,1,0,0,0,S1000,train
4669,0,4,1,0,0,S1100,train
26929,1,0,0,0,0,S0000,train
10102,0,1,0,0,0,S1000,train
4619,0,0,1,0,0,S0100,train
400,0,0,1,0,1,S0101,train
4617,0,0,1,0,0,S0100,train
26517,0,0,0,2,0,S0010,train
805,0,0,1,0,0,S0100,train
10334,0,0,0,1,0,S0010,train
4955,0,3,0,1,0,S1010,train
848,1,0,0,0,0,S0000,train
4822,1,0,0,0,0,S0000,train
23,0,0,0,0,2,S0001,train
25,0,0,0,0,2,S0001,train
4279,0,2,3,0,1,S1101,train
345,1,0,0,0,0,S0000,train
4126,0,1,0,0,0,S1000,train
314,1,0,0,0,0,S0000,train
4724,0,1,0,0,0,S1000,train
4788,1,0,0,0,0,S0000,train
4698,1,0,0,0,0,S0000,train
10265,1,0,0,0,0,S0000,train
10216,0,2,0,2,0,S1010,train
265,1,0,0,0,0,S0000,train
936,0,0,1,0,0,S0100,train
10377,1,0,0,0,0,S0000,train
557,1,0,0,0,0,S0000,train
10312,1,0,0,0,0,S0000,train
26534,1,0,0,0,0,S0000,train
26687,1,0,0,0,0,S0000,train
10076,0,0,7,0,1,S0101,train
26606,1,0,0,0,0,S0000,train
61,0,0,2,0,2,S0101,train
4367,0,4,3,0,1,S1101,train
26579,0,0,0,4,0,S0010,train
902,0,3,0,0,0,S1000,train
26659,1,0,0,0,0,S0000,train
26728,1,0,0,0,0,S0000,train
4887,0,1,0,0,0,S1000,train
739,0,1,0,0,1,S1001,train
907,0,0,1,0,2,S0101,train
427,0,0,0,2,0,S0010,train
807,0,3,0,0,1,S1001,train
648,1,0,0,0,0,S0000,train
26819,1,0,0,0,0,S0000,train
469,0,0,1,1,4,S0111,train
0,1,0,0,0,0,S0000,train
10386,1,0,0,0,0,S0000,train
918,1,0,0,0,0,S0000,train
4964,0,1,0,0,0,S1000,train
4427,0,0,1,0,0,S0100,train
4482,0,3,1,0,0,S1100,train
534,0,0,0,0,2,S0001,train
940,0,0,0,0,2,S0001,train
684,0,0,0,0,1,S0001,train
666,0,0,0,2,0,S0010,train
4521,1,0,0,0,0,S0000,train
4396,0,1,0,0,0,S1000,train
832,0,3,0,0,0,S1000,train
292,1,0,0,0,0,S0000,train
10326,0,0,0,1,0,S0010,train
10489,1,0,0,0,0,S0000,train
764,0,0,0,0,4,S0001,train
10199,0,2,1,0,0,S1100,train
52,0,0,2,0,2,S0101,train
173,0,0,4,1,1,S0111,train
243,1,0,0,0,0,S0000,train
4934,0,3,0,1,0,S1010,train
802,0,0,2,0,4,S0101,train
359,0,0,0,0,6,S0001,train
10009,0,0,0,0,3,S0001,train
321,1,0,0,0,0,S0000,train
449,1,0,0,0,0,S0000,train
4157,0,0,1,0,1,S0101,train
26512,1,0,0,0,0,S0000,train
4060,0,0,0,0,1,S0001,train
10176,1,0,0,0,0,S0000,train
70,0,0,2,0,2,S0101,train
4328,0,8,4,0,0,S1100,train
909,0,2,2,0,0,S1100,train
26827,1,0,0,0,0,S0000,train
275,1,0,0,0,0,S0000,train
4719,0,2,2,0,0,S1100,train
4343,0,5,3,0,0,S1100,train
10054,1,0,0,0,0,S0000,train
326,1,0,0,0,0,S0000,train
709,1,0,0,0,0,S0000,train
10240,0,0,0,3,0,S0010,train
10116,1,0,0,0,0,S0000,train
26684,1,0,0,0,0,S0000,train
4014,1,0,0,0,0,S0000,train
4806,1,0,0,0,0,S0000,train
4714,0,0,2,0,0,S0100,train
4812,1,0,0,0,0,S0000,train
901,0,3,1,0,1,S1101,train
174,0,0,2,0,4,S0101,train
4744,0,1,3,0,0,S1100,train
10260,0,0,0,2,0,S0010,train
4514,1,0,0,0,0,S0000,train
26729,1,0,0,0,0,S0000,train
26643,1,0,0,0,0,S0000,train
4007,0,2,1,0,0,S1100,train
767,1,0,0,0,0,S0000,train
10082,1,0,0,0,0,S0000,train
26953,1,0,0,0,0,S0000,train
26546,1,0,0,0,0,S0000,train
724,0,1,0,0,0,S1000,train
272,1,0,0,0,0,S0000,train
10330,1,0,0,0,0,S0000,train
4609,1,0,0,0,0,S0000,train
26935,1,0,0,0,0,S0000,train
10021,0,1,0,0,2,S1001,train
26962,1,0,0,0,0,S0000,train
4983,1,0,0,0,0,S0000,train
4440,0,1,2,0,0,S1100,train
43,0,0,2,0,2,S0101,train
4873,0,1,1,0,0,S1100,train
4426,1,0,0,0,0,S0000,train
4969,1,0,0,0,0,S0000,train
855,0,0,0,0,2,S0001,train
26844,1,0,0,0,0,S0000,train
4624,0,1,2,0,0,S1100,train
10400,1,0,0,0,0,S0000,train
4160,0,0,1,0,1,S0101,train
26829,1,0,0,0,0,S0000,train
4813,0,1,2,0,0,S1100,train
390,1,0,0,0,0,S0000,train
10036,0,1,0,0,1,S1001,train
10071,1,0,0,0,0,S0000,train
26947,1,0,0,0,0,S0000,train
4627,0,1,2,0,0,S1100,train
4940,0,3,0,1,0,S1010,train
4548,0,0,1,0,0,S0100,train
4525,0,0,3,0,0,S0100,train
4759,0,0,1,0,0,S0100,train
250,1,0,0,0,0,S0000,train
133,1,0,0,0,0,S0000,train
4554,0,2,3,0,0,S1100,train
208,1,0,0,0,0,S0000,train
409,1,0,0,0,0,S0000,train
490,0,0,2,1,3,S0111,train
10293,1,0,0,0,0,S0000,train
26823,1,0,0,0,0,S0000,train
459,0,0,3,2,4,S0111,train
692,0,0,1,0,0,S0100,train
26738,1,0,0,0,0,S0000,train
26586,0,0,0,2,0,S0010,train
4602,1,0,0,0,0,S0000,train
4216,0,2,0,0,1,S1001,train
4682,0,0,1,0,0,S0100,train
248,1,0,0,0,0,S0000,train
26782,1,0,0,0,0,S0000,train
4877,0,1,0,0,0,S1000,train
508,1,0,0,0,0,S0000,train
26594,1,0,0,0,0,S0000,train
4584,1,0,0,0,0,S0000,train
26880,1,0,0,0,0,S0000,train
596,1,0,0,0,0,S0000,train
26557,0,0,0,1,0,S0010,train
4444,0,1,0,0,0,S1000,train
10374,1,0,0,0,0,S0000,train
216,1,0,0,0,0,S0000,train
10461,1,0,0,0,0,S0000,train
4792,1,0,0,0,0,S0000,train
647,1,0,0,0,0,S0000,train
854,1,0,0,0,0,S0000,train
26857,1,0,0,0,0,S0000,train
34,0,0,0,0,1,S0001,train
10091,0,3,0,0,0,S1000,train
26898,1,0,0,0,0,S0000,train
26882,1,0,0,0,0,S0000,train
26583,0,0,0,3,0,S0010,train
26585,0,0,0,2,0,S0010,train
10415,1,0,0,0,0,S0000,train
931,0,0,1,0,1,S0101,train
4566,0,0,1,0,0,S0100,train
889,0,0,0,0,2,S0001,train
730,0,1,0,0,0,S1000,train
516,1,0,0,0,0,S0000,train
4555,0,0,2,0,0,S0100,train
26533,1,0,0,0,0,S0000,train
26874,1,0,0,0,0,S0000,train
667,1,0,0,0,0,S0000,train
26783,1,0,0,0,0,S0000,train
10205,0,2,2,1,0,S1110,train
10455,1,0,0,0,0,S0000,train
4472,0,1,2,0,0,S1100,train
4057,0,0,1,0,0,S0100,train
26528,0,0,0,3,1,S0011,train
317,1,0,0,0,0,S0000,train
278,1,0,0,0,0,S0000,train
26840,1,0,0,0,0,S0000,train
531,0,0,0,0,2,S0001,train
4449,1,0,0,0,0,S0000,train
4013,0,0,1,0,0,S0100,train
563,1,0,0,0,0,S0000,train
26950,1,0,0,0,0,S0000,train
10487,1,0,0,0,0,S0000,train
26879,1,0,0,0,0,S0000,train
146,0,0,1,0,0,S0100,train
164,0,1,0,0,2,S1001,train
227,0,0,0,0,1,S0001,train
229,1,0,0,0,0,S0000,train
54,0,0,2,0,2,S0101,train
159,0,0,0,1,3,S0011,train
141,0,0,2,0,1,S0101,train
533,0,0,0,0,2,S0001,train
4075,1,0,0,0,0,S0000,train
10451,1,0,0,0,0,S0000,train
4200,0,2,3,0,3,S1101,train
26792,1,0,0,0,0,S0000,train
10480,1,0,0,0,0,S0000,train
4156,0,0,1,0,1,S0101,train
4170,0,0,1,0,0,S0100,train
4690,0,1,0,0,0,S1000,train
26861,1,0,0,0,0,S0000,train
10250,0,0,0,1,0,S0010,train
112,1,0,0,0,0,S0000,train
757,0,0,1,1,0,S0110,train
26800,1,0,0,0,0,S0000,train
4206,0,0,1,0,0,S0100,train
166,0,2,3,0,2,S1101,train
10305,0,0,0,1,0,S0010,train
4907,0,3,0,1,0,S1010,train
4772,1,0,0,0,0,S0000,train
26877,1,0,0,0,0,S0000,train
4758,1,0,0,0,0,S0000,train
26661,1,0,0,0,0,S0000,train
4551,0,0,2,0,1,S0101,train
4402,0,2,0,0,0,S1000,train
10004,0,6,0,0,0,S1000,train
10062,0,0,1,2,0,S0110,train
305,1,0,0,0,0,S0000,train
4254,0,4,2,0,1,S1101,train
325,0,0,0,0,1,S0001,train
4474,1,0,0,0,0,S0000,train
4643,0,1,2,0,0,S1100,train
89,0,0,2,0,1,S0101,train
10419,1,0,0,0,0,S0000,train
26560,0,0,0,1,0,S0010,train
591,1,0,0,0,0,S0000,train
977,0,0,1,0,0,S0100,train
10481,1,0,0,0,0,S0000,train
471,0,0,2,1,4,S0111,train
28,0,0,0,0,2,S0001,train
26934,1,0,0,0,0,S0000,train
4072,1,0,0,0,0,S0000,train
10381,1,0,0,0,0,S0000,train
26589,0,0,0,3,0,S0010,train
64,0,0,2,0,2,S0101,train
4908,0,3,0,1,0,S1010,train
4825,1,0,0,0,0,S0000,train
4996,0,0,1,0,0,S0100,train
4453,0,3,2,0,2,S1101,train
4032,1,0,0,0,0,S0000,train
601,1,0,0,0,0,S0000,train
26681,1,0,0,0,0,S0000,train
749,1,0,0,0,0,S0000,train
519,0,0,0,0,1,S0001,train
618,1,0,0,0,0,S0000,train
10122,0,1,0,0,0,S1000,train
10190,1,0,0,0,0,S0000,train
26613,1,0,0,0,0,S0000,train
26871,1,0,0,0,0,S0000,train
728,0,1,0,0,0,S1000,train
602,1,0,0,0,0,S0000,train
26930,1,0,0,0,0,S0000,train
644,1,0,0,0,0,S0000,train
675,0,1,2,0,0,S1100,train
26870,1,0,0,0,0,S0000,train
10161,1,0,0,0,0,S0000,train
4375,0,4,2,0,0,S1100,train
4029,0,0,1,0,0,S0100,train
10496,1,0,0,0,0,S0000,train
502,1,0,0,0,0,S0000,train
4491,0,5,2,0,0,S1100,train
26790,1,0,0,0,0,S0000,train
4689,0,1,1,0,0,S1100,train
10075,0,0,5,0,2,S0101,train
4152,1,0,0,0,0,S0000,train
10200,0,2,2,0,0,S1100,train
10478,1,0,0,0,0,S0000,train
4446,0,0,2,0,0,S0100,train
4993,1,0,0,0,0,S0000,train
962,0,0,1,0,1,S0101,train
392,1,0,0,0,0,S0000,train
10246,0,0,0,1,0,S0010,train
26825,1,0,0,0,0,S0000,train
10256,0,0,0,2,0,S0010,train
10254,0,0,0,1,0,S0010,train
420,0,0,0,3,0,S0010,train
4485,0,0,1,0,0,S0100,train
4922,0,3,0,1,0,S1010,train
10047,1,0,0,0,0,S0000,train
448,1,0,0,0,0,S0000,train
26807,1,0,0,0,0,S0000,train
277,1,0,0,0,0,S0000,train
10065,0,0,0,4,0,S0010,train
4494,0,2,1,0,0,S1100,train
4531,0,0,0,0,2,S0001,train
26605,1,0,0,0,0,S0000,train
567,0,0,2,0,0,S0100,train
4471,0,2,1,0,0,S1100,train
4028,0,0,1,0,0,S0100,train
26773,1,0,0,0,0,S0000,train
4670,0,3,3,0,0,S1100,train
642,0,0,0,0,5,S0001,train
10482,1,0,0,0,0,S0000,train
4178,0,1,1,1,0,S1110,train
817,0,2,4,0,0,S1100,train
132,1,0,0,0,0,S0000,train
4141,1,0,0,0,0,S0000,train
610,0,1,0,0,0,S1000,train
698,0,0,1,0,0,S0100,train
26830,1,0,0,0,0,S0000,train
26595,1,0,0,0,0,S0000,train
879,1,0,0,0,0,S0000,train
690,0,0,0,0,1,S0001,train
4287,0,1,2,0,1,S1101,train
10238,0,0,0,1,0,S0010,train
4009,1,0,0,0,0,S0000,train
930,0,0,1,0,0,S0100,train
810,0,3,3,0,1,S1101,train
707,0,0,0,0,1,S0001,train
4289,0,0,2,0,3,S0101,train
4146,1,0,0,0,0,S0000,train
47,0,0,2,0,2,S0101,train
780,0,1,0,0,0,S1000,train
26620,1,0,0,0,0,S0000,train
153,0,0,0,0,5,S0001,train
269,1,0,0,0,0,S0000,train
26744,1,0,0,0,0,S0000,train
4283,0,0,2,0,0,S0100,train
4275,0,3,1,0,0,S1100,train
26875,1,0,0,0,0,S0000,train
4100,1,0,0,0,0,S0000,train
10079,0,5,0,0,0,S1000,train
491,0,0,1,1,3,S0111,train
4782,1,0,0,0,0,S0000,train
4662,0,8,1,0,0,S1100,train
26626,1,0,0,0,0,S0000,train
71,0,0,2,0,2,S0101,train
4595,1,0,0,0,0,S0000,train
4127,0,2,0,0,0,S1000,train
10056,1,0,0,0,0,S0000,train
980,0,0,1,0,0,S0100,train
26584,0,0,0,3,0,S0010,train
26666,1,0,0,0,0,S0000,train
10090,0,3,0,0,0,S1000,train
31,0,0,0,0,2,S0001,train
26525,0,0,0,3,0,S0010,train
10339,1,0,0,0,0,S0000,train
127,1,0,0,0,0,S0000,train
26600,1,0,0,0,0,S0000,train
4477,0,0,2,0,0,S0100,train
715,0,0,0,1,1,S0011,train
26965,1,0,0,0,0,S0000,train
4302,0,3,1,0,0,S1100,train
699,1,0,0,0,0,S0000,train
4469,0,2,7,0,0,S1100,train
4620,0,2,1,0,0,S1100,train
10007,0,0,0,0,5,S0001,train
26734,1,0,0,0,0,S0000,train
10484,1,0,0,0,0,S0000,train
4417,1,0,0,0,0,S0000,train
415,1,0,0,0,0,S0000,train
4074,0,1,0,0,0,S1000,train
26621,1,0,0,0,0,S0000,train
10055,1,0,0,0,0,S0000,train
4285,0,1,2,0,0,S1100,train
956,0,3,0,0,3,S1001,train
4465,0,2,1,0,2,S1101,train
4438,1,0,0,0,0,S0000,train
14,1,0,0,0,0,S0000,train
4533,0,1,1,0,0,S1100,train
10370,1,0,0,0,0,S0000,train
4260,0,1,0,0,0,S1000,train
4135,0,1,0,0,0,S1000,train
26623,1,0,0,0,0,S0000,train
222,1,0,0,0,0,S0000,train
4071,1,0,0,0,0,S0000,train
617,0,0,0,0,2,S0001,train
851,0,1,0,0,0,S1000,train
10490,1,0,0,0,0,S0000,train
652,0,1,3,0,0,S1100,train
4307,0,2,1,0,0,S1100,train
477,0,0,2,1,4,S0111,train
26885,1,0,0,0,0,S0000,train
399,0,0,1,0,1,S0101,train
4743,0,1,1,0,0,S1100,train
211,1,0,0,0,0,S0000,train
4259,0,0,8,0,0,S0100,train
26682,1,0,0,0,0,S0000,train
4448,1,0,0,0,0,S0000,train
4956,0,3,0,1,0,S1010,train
526,1,0,0,0,0,S0000,train
4574,1,0,0,0,0,S0000,train
26765,1,0,0,0,0,S0000,train
713,0,0,0,0,1,S0001,train
766,0,0,0,0,1,S0001,train
4316,0,3,2,0,0,S1100,train
775,1,0,0,0,0,S0000,train
4341,0,5,5,0,0,S1100,train
26628,1,0,0,0,0,S0000,train
26530,1,0,0,0,0,S0000,train
381,0,1,0,0,0,S1000,train
916,1,0,0,0,0,S0000,train
10378,1,0,0,0,0,S0000,train
26501,1,0,0,0,0,S0000,train
641,0,0,1,0,3,S0101,train
26946,1,0,0,0,0,S0000,train
10013,0,0,0,0,9,S0001,train
4921,0,3,0,1,0,S1010,train
890,1,0,0,0,0,S0000,train
143,0,0,2,0,1,S0101,train
26730,1,0,0,0,0,S0000,train
26949,1,0,0,0,0,S0000,train
26916,1,0,0,0,0,S0000,train
26968,1,0,0,0,0,S0000,train
4713,0,0,2,0,0,S0100,train
10470,1,0,0,0,0,S0000,train
10342,1,0,0,0,0,S0000,train
10452,1,0,0,0,0,S0000,train
4821,0,1,0,0,0,S1000,train
10311,1,0,0,0,0,S0000,train
4704,0,0,2,0,0,S0100,train
84,0,0,2,0,2,S0101,train
4539,0,0,3,0,0,S0100,train
26888,1,0,0,0,0,S0000,train
10276,1,0,0,0,0,S0000,train
997,0,2,1,0,6,S1101,train
10418,1,0,0,0,0,S0000,train
10255,0,0,0,2,0,S0010,train
4495,0,1,0,0,0,S1000,train
26695,1,0,0,0,0,S0000,train
413,1,0,0,0,0,S0000,train
4576,1,0,0,0,0,S0000,train
26836,1,0,0,0,0,S0000,train
4033,1,0,0,0,0,S0000,train
594,1,0,0,0,0,S0000,train
26854,1,0,0,0,0,S0000,train
924,0,1,0,0,3,S1001,train
837,0,0,1,0,0,S0100,train
115,0,1,0,0,0,S1000,train
10147,1,0,0,0,0,S0000,train
77,0,0,2,0,2,S0101,train
26754,1,0,0,0,0,S0000,train
26858,1,0,0,0,0,S0000,train
899,1,0,0,0,0,S0000,train
737,0,1,0,0,1,S1001,train
4779,1,0,0,0,0,S0000,train
4732,1,0,0,0,0,S0000,train
18,0,0,0,0,2,S0001,train
26750,1,0,0,0,0,S0000,train
606,1,0,0,0,0,S0000,train
344,1,0,0,0,0,S0000,train
10307,1,0,0,0,0,S0000,train
204,1,0,0,0,0,S0000,train
4800,1,0,0,0,0,S0000,train
26821,1,0,0,0,0,S0000,train
4295,0,0,0,0,5,S0001,train
803,0,1,1,1,0,S1110,train
26548,1,0,0,0,0,S0000,train
58,0,0,2,0,2,S0101,train
867,0,0,1,0,0,S0100,train
267,1,0,0,0,0,S0000,train
4001,0,3,0,0,1,S1001,train
444,1,0,0,0,0,S0000,train
178,1,0,0,0,0,S0000,train
552,0,0,0,0,2,S0001,train
205,1,0,0,0,0,S0000,train
10149,0,1,1,0,0,S1100,train
10046,1,0,0,0,0,S0000,train
26645,1,0,0,0,0,S0000,train
4575,1,0,0,0,0,S0000,train
797,0,1,1,0,0,S1100,train
4567,0,0,1,0,1,S0101,train
4641,0,1,2,0,0,S1100,train
4538,0,0,5,0,0,S0100,train
26887,1,0,0,0,0,S0000,train
26788,1,0,0,0,0,S0000,train
373,0,0,1,0,0,S0100,train
10456,1,0,0,0,0,S0000,train
10395,1,0,0,0,0,S0000,train
10139,1,0,0,0,0,S0000,train
4961,0,3,0,0,0,S1000,train
4855,0,2,0,0,0,S1000,train
10208,0,1,0,0,0,S1000,train
4443,0,0,1,0,0,S0100,train
10201,0,1,0,0,0,S1000,train
4835,0,1,1,0,0,S1100,train
613,1,0,0,0,0,S0000,train
26762,1,0,0,0,0,S0000,train
4365,0,5,3,0,1,S1101,train
218,1,0,0,0,0,S0000,train
10178,1,0,0,0,0,S0000,train
716,0,0,0,0,1,S0001,train
778,1,0,0,0,0,S0000,train
26647,1,0,0,0,0,S0000,train
4340,0,3,4,0,1,S1101,train
26958,1,0,0,0,0,S0000,train
628,0,1,2,0,2,S1101,train
4162,0,0,1,0,1,S0101,train
4512,1,0,0,0,0,S0000,train
10364,1,0,0,0,0,S0000,train
4175,1,0,0,0,0,S0000,train
4111,1,0,0,0,0,S0000,train
569,0,2,4,1,3,S1111,train
505,0,0,0,0,16,S0001,train
4334,0,3,0,0,3,S1001,train
4565,0,0,4,0,0,S0100,train
4537,0,0,2,0,0,S0100,train
10080,0,2,0,0,0,S1000,train
10393,1,0,0,0,0,S0000,train
301,1,0,0,0,0,S0000,train
10127,1,0,0,0,0,S0000,train
26563,0,0,0,1,0,S0010,train
4066,0,0,0,1,0,S0010,train
352,1,0,0,0,0,S0000,train
4932,0,2,0,1,0,S1010,train
4161,0,0,1,0,1,S0101,train
4211,1,0,0,0,0,S0000,train
10207,0,1,0,0,1,S1001,train
26803,1,0,0,0,0,S0000,train
26538,0,0,0,4,0,S0010,train
4362,0,5,3,0,3,S1101,train
438,0,0,1,0,0,S0100,train
933,0,0,0,1,0,S0010,train
4256,0,4,1,0,3,S1101,train
932,0,2,1,0,0,S1100,train
251,1,0,0,0,0,S0000,train
671,1,0,0,0,0,S0000,train
721,0,1,0,0,0,S1000,train
26869,1,0,0,0,0,S0000,train
26755,1,0,0,0,0,S0000,train
4288,1,0,0,0,0,S0000,val
26797,1,0,0,0,0,S0000,val
26675,1,0,0,0,0,S0000,val
4196,0,1,1,0,0,S1100,val
10028,0,1,0,1,0,S1010,val
10022,0,0,0,1,0,S0010,val
4339,0,0,1,0,2,S0101,val
718,1,0,0,0,0,S0000,val
26521,0,0,0,2,0,S0010,val
10476,1,0,0,0,0,S0000,val
645,1,0,0,0,0,S0000,val
10424,1,0,0,0,0,S0000,val
10189,1,0,0,0,0,S0000,val
4303,0,1,2,0,0,S1100,val
4841,0,2,0,0,0,S1000,val
4850,1,0,0,0,0,S0000,val
905,0,3,2,0,2,S1101,val
187,1,0,0,0,0,S0000,val
540,0,0,0,0,9,S0001,val
10030,1,0,0,0,0,S0000,val
450,1,0,0,0,0,S0000,val
408,1,0,0,0,0,S0000,val
117,1,0,0,0,0,S0000,val
702,1,0,0,0,0,S0000,val
10272,1,0,0,0,0,S0000,val
318,1,0,0,0,0,S0000,val
878,1,0,0,0,0,S0000,val
20,0,0,0,0,2,S0001,val
4122,0,0,0,1,0,S0010,val
4378,0,1,1,0,1,S1101,val
629,0,2,6,1,0,S1110,val
11,1,0,0,0,0,S0000,val
26545,1,0,0,0,0,S0000,val
4024,0,2,0,0,0,S1000,val
26787,1,0,0,0,0,S0000,val
4087,0,1,0,0,0,S1000,val
4866,1,0,0,0,0,S0000,val
819,1,0,0,0,0,S0000,val
10027,0,1,0,1,0,S1010,val
26618,1,0,0,0,0,S0000,val
4791,1,0,0,0,0,S0000,val
908,0,2,1,0,0,S1100,val
831,1,0,0,0,0,S0000,val
4080,0,0,0,0,3,S0001,val
4725,0,3,1,0,0,S1100,val
4408,0,0,0,0,1,S0001,val
920,1,0,0,0,0,S0000,val
26784,1,0,0,0,0,S0000,val
10108,1,0,0,0,0,S0000,val
214,1,0,0,0,0,S0000,val
10140,1,0,0,0,0,S0000,val
4183,0,0,3,0,0,S0100,val
4869,1,0,0,0,0,S0000,val
99,0,0,1,0,0,S0100,val
758,0,0,0,2,1,S0011,val
4462,0,3,5,0,3,S1101,val
545,1,0,0,0,0,S0000,val
4924,0,3,0,1,0,S1010,val
188,1,0,0,0,0,S0000,val
394,0,0,1,0,1,S0101,val
4657,0,8,1,0,0,S1100,val
26505,0,0,0,4,0,S0010,val
4130,0,1,0,0,0,S1000,val
26559,0,0,0,1,0,S0010,val
673,0,0,1,0,4,S0101,val
235,0,0,1,0,0,S0100,val
26862,1,0,0,0,0,S0000,val
362,0,0,0,0,6,S0001,val
10118,0,2,0,0,2,S1001,val
4281,1,0,0,0,0,S0000,val
179,1,0,0,0,0,S0000,val
4118,0,0,0,1,0,S0010,val
10143,0,0,0,1,0,S0010,val
947,0,1,0,0,1,S1001,val
26726,1,0,0,0,0,S0000,val
10234,0,0,0,2,0,S0010,val
10417,1,0,0,0,0,S0000,val
4486,0,0,2,0,0,S0100,val
4318,0,2,1,0,0,S1100,val
10026,1,0,0,0,0,S0000,val
619,0,1,0,1,0,S1010,val
10219,0,1,2,0,0,S1100,val
236,1,0,0,0,0,S0000,val
26772,1,0,0,0,0,S0000,val
964,0,0,0,0,1,S0001,val
375,1,0,0,0,0,S0000,val
4140,1,0,0,0,0,S0000,val
10130,1,0,0,0,0,S0000,val
978,0,0,0,0,2,S0001,val
388,0,0,1,0,0,S0100,val
4131,0,1,0,0,0,S1000,val
5,0,0,0,1,0,S0010,val
10471,1,0,0,0,0,S0000,val
246,1,0,0,0,0,S0000,val
967,0,0,0,0,1,S0001,val
732,0,1,1,0,0,S1100,val
40,0,0,2,0,2,S0101,val
44,0,0,2,0,2,S0101,val
4746,0,1,0,0,0,S1000,val
95,0,1,1,0,0,S1100,val
53,0,0,2,0,2,S0101,val
26847,1,0,0,0,0,S0000,val
4949,0,3,0,1,0,S1010,val
669,0,0,0,0,1,S0001,val
4385,0,1,0,0,0,S1000,val
4612,0,0,2,0,0,S0100,val
4016,0,1,1,0,0,S1100,val
37,0,0,0,0,1,S0001,val
15,1,0,0,0,0,S0000,val
4121,1,0,0,0,0,S0000,val
228,1,0,0,0,0,S0000,val
4987,0,0,1,0,0,S0100,val
4504,0,3,3,0,0,S1100,val
26691,1,0,0,0,0,S0000,val
981,0,0,0,0,1,S0001,val
4049,1,0,0,0,0,S0000,val
26608,1,0,0,0,0,S0000,val
631,0,1,1,0,2,S1101,val
487,0,0,2,1,3,S0111,val
4333,0,5,2,0,3,S1101,val
4703,0,0,1,0,0,S0100,val
60,0,0,2,0,2,S0101,val
26864,1,0,0,0,0,S0000,val
742,0,1,0,0,0,S1000,val
4786,1,0,0,0,0,S0000,val
10428,1,0,0,0,0,S0000,val
10372,1,0,0,0,0,S0000,val
10337,1,0,0,0,0,S0000,val
4998,1,0,0,0,0,S0000,val
4694,0,0,2,0,0,S0100,val
982,0,0,1,0,1,S0101,val
26779,1,0,0,0,0,S0000,val
401,0,0,1,0,1,S0101,val
26972,1,0,0,0,0,S0000,val
10365,1,0,0,0,0,S0000,val
670,1,0,0,0,0,S0000,val
26799,1,0,0,0,0,S0000,val
4863,0,1,0,0,0,S1000,val
4823,1,0,0,0,0,S0000,val
4419,0,8,3,0,0,S1100,val
4730,1,0,0,0,0,S0000,val
4768,1,0,0,0,0,S0000,val
906,0,1,1,0,4,S1101,val
738,0,1,0,0,2,S1001,val
42,0,0,3,0,1,S0101,val
10391,1,0,0,0,0,S0000,val
10144,1,0,0,0,0,S0000,val
376,0,1,0,0,0,S1000,val
919,0,0,1,0,0,S0100,val
4000,0,1,0,0,0,S1000,val
4879,0,2,1,0,0,S1100,val
4711,1,0,0,0,0,S0000,val
169,0,1,2,0,4,S1101,val
4500,0,1,1,0,0,S1100,val
10109,1,0,0,0,0,S0000,val
874,1,0,0,0,0,S0000,val
892,0,3,1,0,0,S1100,val
4647,0,2,1,0,0,S1100,val
549,0,0,1,0,0,S0100,val
10366,1,0,0,0,0,S0000,val
4593,1,0,0,0,0,S0000,val
674,0,0,0,0,7,S0001,val
4190,0,0,0,0,1,S0001,val
26547,1,0,0,0,0,S0000,val
4369,0,4,2,1,0,S1110,val
4300,0,2,2,0,0,S1100,val
4315,0,2,2,0,0,S1100,val
224,1,0,0,0,0,S0000,val
4541,1,0,0,0,0,S0000,val
354,1,0,0,0,0,S0000,val
26757,1,0,0,0,0,S0000,val
303,1,0,0,0,0,S0000,val
26569,1,0,0,0,0,S0000,val
226,1,0,0,0,0,S0000,val
428,0,0,2,0,0,S0100,val
10488,1,0,0,0,0,S0000,val
26964,1,0,0,0,0,S0000,val
72,0,0,2,0,2,S0101,val
515,1,0,0,0,0,S0000,val
4831,0,1,2,0,0,S1100,val
363,0,0,0,0,4,S0001,val
10014,0,1,3,3,4,S1111,val
445,1,0,0,0,0,S0000,val
4392,1,0,0,0,0,S0000,val
26507,1,0,0,0,0,S0000,val
26716,1,0,0,0,0,S0000,val
65,0,0,2,0,2,S0101,val
357,1,0,0,0,0,S0000,val
26907,1,0,0,0,0,S0000,val
4026,0,1,1,0,0,S1100,val
26863,1,0,0,0,0,S0000,val
10432,1,0,0,0,0,S0000,val
547,0,0,0,0,1,S0001,val
4370,0,2,0,0,0,S1000,val
4561,0,0,1,0,0,S0100,val
4754,0,0,2,0,0,S0100,val
974,0,0,1,0,0,S0100,val
10320,1,0,0,0,0,S0000,val
339,1,0,0,0,0,S0000,val
10227,0,0,0,1,0,S0010,val
888,0,0,0,0,1,S0001,val
786,0,0,2,0,0,S0100,val
10315,1,0,0,0,0,S0000,val
10390,1,0,0,0,0,S0000,val
585,1,0,0,0,0,S0000,val
10123,0,1,0,0,0,S1000,val
4722,0,1,1,0,0,S1100,val
4528,0,0,0,0,1,S0001,val
26664,1,0,0,0,0,S0000,val
26636,1,0,0,0,0,S0000,val
4431,1,0,0,0,0,S0000,val
763,0,0,0,0,3,S0001,val
955,0,0,1,0,1,S0101,val
26852,1,0,0,0,0,S0000,val
4177,0,0,1,0,0,S0100,val
4840,0,1,0,0,0,S1000,val
789,1,0,0,0,0,S0000,val
578,0,0,1,0,0,S0100,val
4600,1,0,0,0,0,S0000,val
26865,1,0,0,0,0,S0000,val
385,0,1,1,0,0,S1100,val
10042,1,0,0,0,0,S0000,val
10328,1,0,0,0,0,S0000,val
784,0,0,2,0,0,S0100,val
4552,0,1,10,0,1,S1101,val
26971,1,0,0,0,0,S0000,val
4994,0,1,1,0,0,S1100,val
10182,1,0,0,0,0,S0000,val
4648,0,8,1,0,0,S1100,val
346,1,0,0,0,0,S0000,val
897,1,0,0,0,0,S0000,val
10336,1,0,0,0,0,S0000,val
26519,0,0,0,4,0,S0010,val
26593,1,0,0,0,0,S0000,val
4819,1,0,0,0,0,S0000,val
10369,1,0,0,0,0,S0000,val
26657,1,0,0,0,0,S0000,val
57,0,0,2,0,2,S0101,val
4379,0,0,0,0,3,S0001,val
4675,0,2,0,0,0,S1000,val
4790,1,0,0,0,0,S0000,val
10429,1,0,0,0,0,S0000,val
10033,0,1,0,0,2,S1001,val
4271,0,1,0,0,0,S1000,val
4350,0,2,1,0,1,S1101,val
4346,0,5,4,0,0,S1100,val
308,1,0,0,0,0,S0000,val
10466,1,0,0,0,0,S0000,val
560,1,0,0,0,0,S0000,val
10243,0,0,0,3,0,S0010,val
4946,0,3,0,1,0,S1010,val
4820,0,2,0,0,0,S1000,val
665,0,0,0,2,0,S0010,val
776,1,0,0,0,0,S0000,val
10138,1,0,0,0,0,S0000,val
10124,0,2,0,0,0,S1000,val
406,0,0,0,0,1,S0001,val
4108,1,0,0,0,0,S0000,val
341,1,0,0,0,0,S0000,val
26917,1,0,0,0,0,S0000,val
4645,0,1,3,0,0,S1100,val
4245,1,0,0,0,0,S0000,val
4430,1,0,0,0,0,S0000,val
4884,0,0,1,0,0,S0100,val
10433,1,0,0,0,0,S0000,val
276,1,0,0,0,0,S0000,val
891,0,1,0,0,0,S1000,val
10196,0,0,1,0,0,S0100,val
109,0,0,0,0,1,S0001,val
152,0,0,0,0,4,S0001,val
10430,1,0,0,0,0,S0000,val
4802,1,0,0,0,0,S0000,val
26556,1,0,0,0,0,S0000,val
616,1,0,0,0,0,S0000,val
256,1,0,0,0,0,S0000,val
26826,1,0,0,0,0,S0000,val
4403,0,2,1,0,0,S1100,val
356,1,0,0,0,0,S0000,val
4748,0,1,0,0,0,S1000,val
26814,1,0,0,0,0,S0000,val
145,0,0,2,0,2,S0101,val
4411,0,1,0,0,0,S1000,val
4468,0,1,5,0,0,S1100,val
4553,0,0,3,0,0,S0100,val
26542,1,0,0,0,0,S0000,val
38,0,0,0,0,1,S0001,val
4204,0,0,2,0,0,S0100,val
10454,1,0,0,0,0,S0000,val
4785,1,0,0,0,0,S0000,val
4336,0,0,2,0,4,S0101,val
659,1,0,0,0,0,S0000,val
4047,1,0,0,0,0,S0000,val
4731,1,0,0,0,0,S0000,val
209,1,0,0,0,0,S0000,val
525,1,0,0,0,0,S0000,val
4767,0,0,1,0,0,S0100,val
123,1,0,0,0,0,S0000,val
10494,1,0,0,0,0,S0000,val
10259,0,0,0,3,0,S0010,val
26919,1,0,0,0,0,S0000,val
26733,1,0,0,0,0,S0000,val
4301,0,2,3,0,0,S1100,val
4984,1,0,0,0,0,S0000,val
4496,0,1,3,0,0,S1100,val
489,0,0,2,1,3,S0111,val
4312,0,4,2,0,0,S1100,val
22,0,0,0,0,2,S0001,val
10060,0,0,0,7,0,S0010,val
403,0,0,0,0,1,S0001,val
10131,1,0,0,0,0,S0000,val
571,0,2,5,1,1,S1111,val
10068,0,0,2,0,0,S0100,val
4249,0,1,1,0,0,S1100,val
4712,1,0,0,0,0,S0000,val
258,1,0,0,0,0,S0000,val
799,0,1,2,0,1,S1101,val
4718,0,2,1,0,0,S1100,val
26513,0,0,0,2,0,S0010,val
954,0,1,1,0,0,S1100,val
4687,1,0,0,0,0,S0000,val
300,1,0,0,0,0,S0000,val
937,0,1,3,0,0,S1100,val
342,1,0,0,0,0,S0000,val
473,0,0,1,1,4,S0111,val
26781,1,0,0,0,0,S0000,val
26904,1,0,0,0,0,S0000,val
430,0,0,1,2,0,S0110,val
10287,1,0,0,0,0,S0000,val
4988,0,0,1,0,0,S0100,val
26518,0,0,0,2,0,S0010,val
4778,1,0,0,0,0,S0000,val
4487,0,3,2,0,0,S1100,val
26540,0,0,0,2,0,S0010,val
658,1,0,0,0,0,S0000,val
4008,0,0,4,0,0,S0100,val
327,1,0,0,0,0,S0000,val
26705,1,0,0,0,0,S0000,val
520,1,0,0,0,0,S0000,val
26676,1,0,0,0,0,S0000,val
809,0,1,2,0,0,S1100,val
4610,0,0,0,0,1,S0001,val
4780,1,0,0,0,0,S0000,val
4911,0,3,0,1,0,S1010,val
4606,0,0,2,0,0,S0100,val
736,0,1,0,0,1,S1001,val
4220,1,0,0,0,0,S0000,val
7,0,0,0,1,0,S0010,val
26710,1,0,0,0,0,S0000,val
262,1,0,0,0,0,S0000,val
331,1,0,0,0,0,S0000,val
4119,1,0,0,0,0,S0000,val
4764,1,0,0,0,0,S0000,val
441,1,0,0,0,0,S0000,val
10368,1,0,0,0,0,S0000,val
338,1,0,0,0,0,S0000,val
10228,0,0,0,2,1,S0011,val
461,0,0,2,1,4,S0111,val
26890,1,0,0,0,0,S0000,val
4912,0,3,0,1,0,S1010,val
687,0,0,0,0,1,S0001,val
410,1,0,0,0,0,S0000,val
811,0,2,1,0,1,S1101,val
4705,0,0,1,0,0,S0100,val
727,0,1,0,0,0,S1000,val
4129,1,0,0,0,0,S0000,val
464,0,0,2,1,4,S0111,val
26588,0,0,0,3,0,S0010,val
4463,0,2,2,0,4,S1101,val
10183,1,0,0,0,0,S0000,val
26795,1,0,0,0,0,S0000,val
686,0,0,0,0,1,S0001,val
10217,0,1,0,2,0,S1010,val
26944,1,0,0,0,0,S0000,val
923,0,2,0,0,1,S1001,val
4526,1,0,0,0,0,S0000,val
26960,1,0,0,0,0,S0000,val
4517,0,1,0,0,0,S1000,val
4132,0,2,0,0,0,S1000,val
4990,1,0,0,0,0,S0000,val
4865,0,2,1,0,0,S1100,val
26654,1,0,0,0,0,S0000,val
78,0,0,2,0,2,S0101,val
604,0,1,2,0,4,S1101,val
513,1,0,0,0,0,S0000,val
759,0,0,0,1,0,S0010,val
10280,1,0,0,0,0,S0000,val
372,1,0,0,0,0,S0000,val
961,1,0,0,0,0,S0000,val
546,1,0,0,0,0,S0000,val
10173,1,0,0,0,0,S0000,val
537,0,0,0,0,2,S0001,val
39,0,0,1,0,1,S0101,val
679,0,4,1,0,0,S1100,val
4933,0,3,0,1,0,S1010,val
4522,1,0,0,0,0,S0000,val
4227,0,0,2,0,0,S0100,val
26749,1,0,0,0,0,S0000,val
4165,0,0,1,0,1,S0101,val
697,0,0,1,0,0,S0100,val
998,0,0,0,0,10,S0001,val
26796,1,0,0,0,0,S0000,val
10414,1,0,0,0,0,S0000,val
26562,1,0,0,0,0,S0000,val
10096,0,2,0,0,0,S1000,val
844,0,3,0,0,0,S1000,val
26756,1,0,0,0,0,S0000,val
595,1,0,0,0,0,S0000,val
10473,1,0,0,0,0,S0000,val
10089,1,0,0,0,0,S0000,val
584,0,1,0,0,0,S1000,val
943,0,0,1,0,1,S0101,val
26920,1,0,0,0,0,S0000,val
4441,0,1,3,0,4,S1101,val
4597,1,0,0,0,0,S0000,val
435,0,2,1,1,0,S1110,val
734,0,0,0,0,2,S0001,val
10037,0,2,1,0,0,S1100,val
4050,1,0,0,0,0,S0000,test
760,0,0,0,0,3,S0001,test
748,1,0,0,0,0,S0000,test
26573,1,0,0,0,0,S0000,test
10309,0,0,1,0,0,S0100,test
682,0,0,0,0,1,S0001,test
510,0,0,0,0,1,S0001,test
10083,1,0,0,0,0,S0000,test
4042,1,0,0,0,0,S0000,test
4815,0,1,0,0,0,S1000,test
991,0,0,1,0,1,S0101,test
26662,1,0,0,0,0,S0000,test
486,0,0,2,1,3,S0111,test
10322,1,0,0,0,0,S0000,test
4062,1,0,0,0,0,S0000,test
26936,1,0,0,0,0,S0000,test
10164,0,3,0,0,0,S1000,test
4535,1,0,0,0,0,S0000,test
4208,0,0,1,0,0,S0100,test
10249,0,0,0,1,0,S0010,test
4294,0,0,2,0,5,S0101,test
4739,0,1,1,0,0,S1100,test
4920,0,3,0,1,0,S1010,test
4347,0,3,2,0,0,S1100,test
4439,0,1,3,0,0,S1100,test
976,0,1,3,0,1,S1101,test
4247,1,0,0,0,0,S0000,test
412,1,0,0,0,0,S0000,test
865,0,3,0,0,4,S1001,test
10380,1,0,0,0,0,S0000,test
26760,1,0,0,0,0,S0000,test
4372,0,2,0,0,0,S1000,test
26603,1,0,0,0,0,S0000,test
10073,0,0,2,2,0,S0110,test
433,0,0,0,2,0,S0010,test
4677,1,0,0,0,0,S0000,test
4608,0,0,0,0,1,S0001,test
4809,1,0,0,0,0,S0000,test
26867,1,0,0,0,0,S0000,test
242,1,0,0,0,0,S0000,test
33,0,0,0,0,2,S0001,test
4475,0,1,3,0,0,S1100,test
4761,0,0,2,0,0,S0100,test
26725,1,0,0,0,0,S0000,test
10235,0,0,0,2,0,S0010,test
10493,1,0,0,0,0,S0000,test
4787,1,0,0,0,0,S0000,test
10113,1,0,0,0,0,S0000,test
26966,1,0,0,0,0,S0000,test
10348,1,0,0,0,0,S0000,test
10383,0,0,0,0,1,S0001,test
555,0,0,0,0,1,S0001,test
938,0,2,0,0,1,S1001,test
10252,0,0,0,1,0,S0010,test
155,0,0,0,0,1,S0001,test
4384,0,2,0,0,3,S1001,test
4113,1,0,0,0,0,S0000,test
113,0,0,0,0,2,S0001,test
239,1,0,0,0,0,S0000,test
10459,1,0,0,0,0,S0000,test
26541,1,0,0,0,0,S0000,test
4890,0,1,0,0,0,S1000,test
4324,0,4,1,0,0,S1100,test
10301,0,1,1,1,0,S1110,test
4904,0,2,0,1,0,S1010,test
484,0,0,3,1,3,S0111,test
4795,1,0,0,0,0,S0000,test
524,0,0,0,0,1,S0001,test
26633,1,0,0,0,0,S0000,test
91,1,0,0,0,0,S0000,test
4058,1,0,0,0,0,S0000,test
202,0,0,0,0,2,S0001,test
816,0,3,4,0,0,S1100,test
10058,0,1,1,1,0,S1110,test
4999,1,0,0,0,0,S0000,test
94,0,1,1,0,0,S1100,test
26896,1,0,0,0,0,S0000,test
26503,0,0,0,1,0,S0010,test
511,1,0,0,0,0,S0000,test
10477,1,0,0,0,0,S0000,test
639,0,0,0,0,2,S0001,test
4433,0,0,1,0,0,S0100,test
4142,1,0,0,0,0,S0000,test
26516,0,0,0,1,0,S0010,test
468,0,0,2,1,4,S0111,test
26592,0,0,0,1,0,S0010,test
4020,1,0,0,0,0,S0000,test
10179,0,0,1,0,0,S0100,test
4084,1,0,0,0,0,S0000,test
26914,1,0,0,0,0,S0000,test
266,1,0,0,0,0,S0000,test
894,0,1,0,0,0,S1000,test
996,0,1,1,0,9,S1101,test
4872,0,1,1,0,0,S1100,test
26822,1,0,0,0,0,S0000,test
864,0,3,1,0,0,S1100,test
847,0,1,0,0,1,S1001,test
10150,0,0,1,0,0,S0100,test
4377,0,1,2,0,0,S1100,test
4508,0,2,2,0,0,S1100,test
752,1,0,0,0,0,S0000,test
10264,1,0,0,0,0,S0000,test
4134,0,0,2,0,0,S0100,test
17,0,0,0,0,2,S0001,test
4816,0,2,1,0,0,S1100,test
929,1,0,0,0,0,S0000,test
26884,1,0,0,0,0,S0000,test
4232,1,0,0,0,0,S0000,test
190,1,0,0,0,0,S0000,test
4773,1,0,0,0,0,S0000,test
237,1,0,0,0,0,S0000,test
298,1,0,0,0,0,S0000,test
4801,1,0,0,0,0,S0000,test
4193,0,3,3,0,0,S1100,test
215,1,0,0,0,0,S0000,test
4202,0,3,3,0,1,S1101,test
4842,0,1,0,0,0,S1000,test
882,0,4,0,0,0,S1000,test
873,0,0,1,0,0,S0100,test
10052,0,0,0,4,0,S0010,test
4265,0,2,2,0,1,S1101,test
10078,0,5,0,0,0,S1000,test
313,1,0,0,0,0,S0000,test
10283,1,0,0,0,0,S0000,test
630,0,0,7,0,1,S0101,test
41,0,0,2,0,2,S0101,test
10180,0,0,0,2,0,S0010,test
26850,1,0,0,0,0,S0000,test
4769,1,0,0,0,0,S0000,test
10063,0,0,1,0,0,S0100,test
4691,0,0,1,0,0,S0100,test
4979,0,0,2,0,0,S0100,test
4723,0,2,1,0,0,S1100,test
4543,1,0,0,0,0,S0000,test
26802,1,0,0,0,0,S0000,test
926,0,0,1,0,2,S0101,test
282,1,0,0,0,0,S0000,test
51,0,0,2,0,2,S0101,test
4733,1,0,0,0,0,S0000,test
26778,1,0,0,0,0,S0000,test
4978,0,0,1,0,0,S0100,test
26718,1,0,0,0,0,S0000,test
26793,1,0,0,0,0,S0000,test
4824,0,1,2,0,1,S1101,test
26650,1,0,0,0,0,S0000,test
26566,0,0,0,1,0,S0010,test
10169,1,0,0,0,0,S0000,test
10232,0,0,0,2,0,S0010,test
10352,1,0,0,0,0,S0000,test
46,0,0,2,0,2,S0101,test
656,1,0,0,0,0,S0000,test
694,0,0,1,0,0,S0100,test
4836,0,2,2,0,0,S1100,test
26969,1,0,0,0,0,S0000,test
4628,0,1,2,0,0,S1100,test
4635,0,1,2,0,0,S1100,test
10340,1,0,0,0,0,S0000,test
4237,0,2,1,0,0,S1100,test
10314,1,0,0,0,0,S0000,test
722,0,1,0,0,0,S1000,test
26976,1,0,0,0,0,S0000,test
655,1,0,0,0,0,S0000,test
4603,1,0,0,0,0,S0000,test
4796,1,0,0,0,0,S0000,test
4962,0,3,4,0,0,S1100,test
4716,0,0,2,0,0,S0100,test
10382,1,0,0,0,0,S0000,test
4373,0,3,3,0,0,S1100,test
4663,0,8,1,0,0,S1100,test
26552,1,0,0,0,0,S0000,test
4188,1,0,0,0,0,S0000,test
26846,1,0,0,0,0,S0000,test
287,0,0,0,0,3,S0001,test
140,0,0,2,0,2,S0101,test
4686,0,1,0,0,0,S1000,test
10152,1,0,0,0,0,S0000,test
10344,1,0,0,0,0,S0000,test
4250,0,0,2,0,1,S0101,test
26943,1,0,0,0,0,S0000,test
26954,1,0,0,0,0,S0000,test
4173,1,0,0,0,0,S0000,test
4570,1,0,0,0,0,S0000,test
10170,1,0,0,0,0,S0000,test
4845,0,2,1,0,0,S1100,test
4613,0,0,2,0,1,S0101,test
10332,1,0,0,0,0,S0000,test
4673,1,0,0,0,0,S0000,test
470,0,0,1,1,4,S0111,test
80,0,0,2,0,2,S0101,test
350,1,0,0,0,0,S0000,test
750,0,0,0,0,1,S0001,test
404,0,0,0,0,1,S0001,test
10129,1,0,0,0,0,S0000,test
26510,1,0,0,0,0,S0000,test
10017,0,7,2,0,2,S1101,test
10440,1,0,0,0,0,S0000,test
4699,0,1,0,0,0,S1000,test
4123,1,0,0,0,0,S0000,test
503,0,0,0,0,17,S0001,test
26818,1,0,0,0,0,S0000,test
858,0,1,0,0,0,S1000,test
253,1,0,0,0,0,S0000,test
621,0,2,2,2,6,S1111,test
4425,0,1,1,0,1,S1101,test
26699,1,0,0,0,0,S0000,test
10100,0,2,0,0,0,S1000,test
4387,0,4,0,0,0,S1000,test
26627,1,0,0,0,0,S0000,test
374,0,0,1,0,0,S0100,test
370,0,0,0,0,4,S0001,test
4509,0,2,0,0,0,S1000,test
678,0,2,2,0,0,S1100,test
144,0,0,2,0,1,S0101,test
4941,0,3,0,1,0,S1010,test
4660,0,8,1,0,0,S1100,test
745,1,0,0,0,0,S0000,test
429,0,0,1,0,0,S0100,test
528,1,0,0,0,0,S0000,test
200,1,0,0,0,0,S0000,test
10416,1,0,0,0,0,S0000,test
10447,1,0,0,0,0,S0000,test
26522,0,0,0,1,0,S0010,test
26922,1,0,0,0,0,S0000,test
4484,0,1,1,0,0,S1100,test
26649,1,0,0,0,0,S0000,test
10404,1,0,0,0,0,S0000,test
151,1,0,0,0,0,S0000,test
10253,0,0,0,1,0,S0010,test
4172,0,0,0,0,1,S0001,test
4893,0,2,0,0,0,S1000,test
26805,1,0,0,0,0,S0000,test
26860,1,0,0,0,0,S0000,test
10168,1,0,0,0,0,S0000,test
4456,0,2,4,0,1,S1101,test
26532,1,0,0,0,0,S0000,test
4053,1,0,0,0,0,S0000,test
4097,1,0,0,0,0,S0000,test
26630,1,0,0,0,0,S0000,test
10361,1,0,0,0,0,S0000,test
26701,1,0,0,0,0,S0000,test
4168,0,0,1,0,1,S0101,test
26717,1,0,0,0,0,S0000,test
4383,0,2,3,0,1,S1101,test
4515,1,0,0,0,0,S0000,test
26845,1,0,0,0,0,S0000,test
856,0,1,0,0,1,S1001,test
126,1,0,0,0,0,S0000,test
4710,0,1,1,0,0,S1100,test
4276,0,3,1,0,0,S1100,test
26918,1,0,0,0,0,S0000,test
330,1,0,0,0,0,S0000,test
26886,1,0,0,0,0,S0000,test
4067,0,0,0,0,2,S0001,test
725,0,1,0,0,0,S1000,test
4185,1,0,0,0,0,S0000,test
570,0,2,5,1,2,S1111,test
10188,1,0,0,0,0,S0000,test
4683,0,2,1,0,0,S1100,test
4905,0,3,0,1,0,S1010,test
26652,1,0,0,0,0,S0000,test
244,0,0,0,0,1,S0001,test
4906,0,3,0,1,0,S1010,test
4625,0,1,2,0,0,S1100,test
102,0,0,0,0,1,S0001,test
306,1,0,0,0,0,S0000,test
4248,0,0,1,0,0,S0100,test
4659,0,8,1,0,0,S1100,test
4239,0,2,1,0,0,S1100,test
10051,0,1,1,0,0,S1100,test
4437,1,0,0,0,0,S0000,test
4381,0,1,2,0,1,S1101,test
10095,0,2,1,0,0,S1100,test
26889,1,0,0,0,0,S0000,test
4063,1,0,0,0,0,S0000,test
4342,0,3,5,0,0,S1100,test
559,1,0,0,0,0,S0000,test
320,1,0,0,0,0,S0000,test
4025,0,1,0,0,0,S1000,test
985,0,0,2,0,0,S0100,test
26973,1,0,0,0,0,S0000,test
4688,1,0,0,0,0,S0000,test
4598,1,0,0,0,0,S0000,test
349,1,0,0,0,0,S0000,test
4763,1,0,0,0,0,S0000,test
4282,0,0,1,0,0,S0100,test
10491,1,0,0,0,0,S0000,test
4223,1,0,0,0,0,S0000,test
512,1,0,0,0,0,S0000,test
10137,1,0,0,0,0,S0000,test
726,0,1,0,0,0,S1000,test
4727,1,0,0,0,0,S0000,test
4529,0,0,0,0,3,S0001,test
26570,1,0,0,0,0,S0000,test
946,1,0,0,0,0,S0000,test
4415,1,0,0,0,0,S0000,test
4038,1,0,0,0,0,S0000,test
26693,1,0,0,0,0,S0000,test
4412,0,0,0,2,0,S0010,test
10397,1,0,0,0,0,S0000,test
407,0,0,1,0,0,S0100,test
10103,0,2,0,0,0,S1000,test
4589,1,0,0,0,0,S0000,test
747,1,0,0,0,0,S0000,test
26683,1,0,0,0,0,S0000,test
26642,1,0,0,0,0,S0000,test
26739,1,0,0,0,0,S0000,test
4085,0,1,0,0,0,S1000,test
4667,0,8,1,0,0,S1100,test
953,0,0,2,0,4,S0101,test
798,0,2,0,1,0,S1010,test
952,0,0,1,0,0,S0100,test
176,0,0,1,0,2,S0101,test
10104,0,1,1,0,0,S1100,test
26688,1,0,0,0,0,S0000,test
2,1,0,0,0,0,S0000,test
535,0,0,0,0,2,S0001,test
10277,1,0,0,0,0,S0000,test
472,0,0,2,1,4,S0111,test
4717,0,0,1,0,0,S0100,test
4088,0,0,0,1,1,S0011,test
10349,1,0,0,0,0,S0000,test
10444,1,0,0,0,0,S0000,test
4545,1,0,0,0,0,S0000,test
4099,1,0,0,0,0,S0000,test
10223,0,1,0,2,0,S1010,test
10006,0,3,0,0,0,S1000,test
4105,1,0,0,0,0,S0000,test
26667,1,0,0,0,0,S0000,test
4750,0,0,2,0,0,S0100,test
4986,0,0,2,0,0,S0100,test
577,0,0,1,0,0,S0100,test
4030,0,0,1,0,0,S0100,test
4784,1,0,0,0,0,S0000,test
79,0,0,2,0,2,S0101,test
4037,1,0,0,0,0,S0000,test
542,0,0,0,0,2,S0001,test
10497,1,0,0,0,0,S0000,test
10172,0,0,0,1,0,S0010,test
4749,0,2,4,0,0,S1100,test
294,1,0,0,0,0,S0000,test
4459,0,2,3,0,5,S1101,test
544,0,0,0,0,5,S0001,test
10392,1,0,0,0,0,S0000,test
26855,1,0,0,0,0,S0000,test
4201,0,5,3,0,0,S1100,test
4139,1,0,0,0,0,S0000,test
26753,1,0,0,0,0,S0000,test
10284,1,0,0,0,0,S0000,test
4808,1,0,0,0,0,S0000,test
26927,1,0,0,0,0,S0000,test
4109,1,0,0,0,0,S0000,test
787,0,0,2,0,0,S0100,test
4954,0,3,0,1,0,S1010,test
4186,0,1,2,0,5,S1101,test
336,1,0,0,0,0,S0000,test
10185,1,0,0,0,0,S0000,test
4649,0,8,1,0,0,S1100,test
323,1,0,0,0,0,S0000,test
833,0,1,0,0,7,S1001,test
365,0,0,0,0,5,S0001,test
10175,1,0,0,0,0,S0000,test
4262,0,0,1,0,0,S0100,test
26785,1,0,0,0,0,S0000,test
4931,0,3,0,1,0,S1010,test
857,0,0,0,1,0,S0010,test
521,1,0,0,0,0,S0000,test
10401,1,0,0,0,0,S0000,test
26648,1,0,0,0,0,S0000,test
10016,0,10,0,0,5,S1001,test
371,0,0,0,0,5,S0001,test
26506,0,0,0,2,0,S0010,test
4270,1,0,0,0,0,S0000,test
958,0,0,0,0,5,S0001,test
4002,0,0,1,0,0,S0100,test
26568,0,0,0,1,0,S0010,test
4616,1,0,0,0,0,S0000,test
10162,1,0,0,0,0,S0000,test
101,1,0,0,0,0,S0000,test
589,1,0,0,0,0,S0000,test
4640,0,1,2,0,0,S1100,test
4626,0,1,2,0,0,S1100,test
10098,0,2,0,0,0,S1000,test
818,0,1,0,0,0,S1000,test
26704,1,0,0,0,0,S0000,test
26619,1,0,0,0,0,S0000,test
26746,1,0,0,0,0,S0000,test
4775,1,0,0,0,0,S0000,test
10373,1,0,0,0,0,S0000,test
10221,0,1,1,0,0,S1100,test
10241,0,0,0,4,0,S0010,test
26945,1,0,0,0,0,S0000,test
845,1,0,0,0,0,S0000,test
10136,0,1,0,0,0,S1000,test
26511,1,0,0,0,0,S0000,test
653,0,0,1,0,0,S0100,test
4040,1,0,0,0,0,S0000,test
442,0,0,1,0,0,S0100,test
4291,0,0,0,0,3,S0001,test
10341,1,0,0,0,0,S0000,test
959,0,1,2,0,3,S1101,test
10094,0,1,0,0,0,S1000,test
935,0,3,1,0,2,S1101,test
26893,1,0,0,0,0,S0000,test
10453,1,0,0,0,0,S0000,test
436,1,0,0,0,0,S0000,test
26849,1,0,0,0,0,S0000,test
10357,1,0,0,0,0,S0000,test
4335,0,4,4,0,2,S1101,test
4225,0,1,2,0,0,S1100,test
4770,1,0,0,0,0,S0000,test
4114,0,0,0,0,1,S0001,test
177,0,0,0,0,1,S0001,test
26685,1,0,0,0,0,S0000,test
421,1,0,0,0,0,S0000,test
10356,1,0,0,0,0,S0000,test
984,0,3,0,0,1,S1001,test
378,0,1,0,0,0,S1000,test
494,0,0,2,1,1,S0111,test
26721,1,0,0,0,0,S0000,test
122,1,0,0,0,0,S0000,test
4293,0,0,0,0,5,S0001,test
26611,1,0,0,0,0,S0000,test
26751,1,0,0,0,0,S0000,test
4368,0,3,1,0,0,S1100,test
696,1,0,0,0,0,S0000,test
273,1,0,0,0,0,S0000,test
504,0,0,0,0,16,S0001,test
10375,1,0,0,0,0,S0000,test
26913,1,0,0,0,0,S0000,test
4167,0,0,1,0,1,S0101,test
10088,0,0,0,0,1,S0001,test
988,0,3,0,0,1,S1001,test
611,1,0,0,0,0,S0000,test
289,1,0,0,0,0,S0000,test
26590,1,0,0,0,0,S0000,test
992,0,5,1,0,0,S1100,test
26910,1,0,0,0,0,S0000,test
4104,1,0,0,0,0,S0000,test
4943,0,3,0,1,0,S1010,test
770,1,0,0,0,0,S0000,test
4701,1,0,0,0,0,S0000,test
4244,0,0,1,0,0,S0100,test
10263,1,0,0,0,0,S0000,test
4668,0,4,1,0,0,S1100,test
4793,1,0,0,0,0,S0000,test
4184,1,0,0,0,0,S0000,test
161,0,0,0,1,2,S0011,test
10074,0,1,0,0,0,S1000,test
4273,0,5,5,0,0,S1100,test
26575,1,0,0,0,0,S0000,test
10324,1,0,0,0,0,S0000,test
10251,0,0,0,1,0,S0010,test
672,1,0,0,0,0,S0000,test
386,0,1,0,0,0,S1000,test
4546,1,0,0,0,0,S0000,test
26616,0,0,1,0,0,S0100,test
4706,0,0,1,0,0,S0100,test
4389,0,6,2,0,0,S1100,test
26709,1,0,0,0,0,S0000,test
26715,1,0,0,0,0,S0000,test
4963,0,1,0,0,0,S1000,test
4321,0,0,1,0,1,S0101,test
103,1,0,0,0,0,S0000,test
26921,1,0,0,0,0,S0000,test
30,0,0,0,0,2,S0001,test
480,0,0,2,1,4,S0111,test
26673,1,0,0,0,0,S0000,test
948,0,3,2,0,2,S1101,test
396,0,0,0,0,1,S0001,test
4209,0,0,0,0,1,S0001,test
10460,1,0,0,0,0,S0000,test
4519,1,0,0,0,0,S0000,test
26977,1,0,0,0,0,S0000,test
499,1,0,0,0,0,S0000,test
26635,1,0,0,0,0,S0000,test
10411,1,0,0,0,0,S0000,test
4354,0,4,1,0,0,S1100,test
4360,0,4,2,0,1,S1101,test
4632,0,1,2,0,0,S1100,test
10286,0,1,0,0,0,S1000,test
4218,0,1,2,1,0,S1110,test
4966,0,1,1,0,0,S1100,test
274,1,0,0,0,0,S0000,test
66,0,0,2,0,2,S0101,test
4952,0,3,0,1,0,S1010,test
3,1,0,0,0,0,S0000,test
10467,1,0,0,0,0,S0000,test
29,0,0,0,0,2,S0001,test
259,1,0,0,0,0,S0000,test
232,1,0,0,0,0,S0000,test
26759,1,0,0,0,0,S0000,test
753,0,0,0,0,2,S0001,test
10387,1,0,0,0,0,S0000,test
4520,1,0,0,0,0,S0000,test
98,0,0,1,0,0,S0100,test
829,1,0,0,0,0,S0000,test
10025,1,0,0,0,0,S0000,test
26743,1,0,0,0,0,S0000,test
733,0,0,0,0,1,S0001,test
506,0,0,0,0,3,S0001,test
4447,0,1,1,0,0,S1100,test
192,1,0,0,0,0,S0000,test
261,1,0,0,0,0,S0000,test
26632,1,0,0,0,0,S0000,test
397,0,0,0,0,1,S0001,test
4883,0,1,0,0,0,S1000,test
26622,0,0,0,1,0,S0010,test
4858,0,3,0,0,0,S1000,test
970,0,1,0,0,2,S1001,test
4844,0,1,0,0,0,S1000,test
26908,1,0,0,0,0,S0000,test
4338,0,2,3,0,3,S1101,test
4153,0,0,1,0,0,S0100,test
4774,1,0,0,0,0,S0000,test
4936,0,3,0,1,0,S1010,test
10439,1,0,0,0,0,S0000,test
10086,1,0,0,0,0,S0000,test
4849,1,0,0,0,0,S0000,test
4355,0,1,1,0,2,S1101,test
10093,0,1,0,1,0,S1010,test
395,0,0,1,0,1,S0101,test
530,0,0,0,0,2,S0001,test
820,1,0,0,0,0,S0000,test
551,1,0,0,0,0,S0000,test
4876,0,1,0,0,0,S1000,test
4418,0,4,2,2,0,S1110,test
523,1,0,0,0,0,S0000,test
794,1,0,0,0,0,S0000,test
10106,1,0,0,0,0,S0000,test
10045,1,0,0,0,0,S0000,test
10126,1,0,0,0,0,S0000,test
4848,0,2,0,0,0,S1000,test
4972,1,0,0,0,0,S0000,test
4702,1,0,0,0,0,S0000,test
10346,1,0,0,0,0,S0000,test
10003,0,6,1,0,0,S1100,test
10275,0,0,0,1,0,S0010,test
712,0,0,0,0,1,S0001,test
26714,1,0,0,0,0,S0000,test
10438,1,0,0,0,0,S0000,test
26732,1,0,0,0,0,S0000,test
4874,0,1,1,0,0,S1100,test
853,1,0,0,0,0,S0000,test
4991,1,0,0,0,0,S0000,test
4805,1,0,0,0,0,S0000,test
917,0,1,0,0,0,S1000,test
885,0,3,1,0,0,S1100,test
86,0,0,2,0,1,S0101,test
10474,1,0,0,0,0,S0000,test
4530,0,0,6,0,0,S0100,test
10024,0,0,1,0,1,S0101,test
136,0,0,0,1,0,S0010,test
492,0,0,2,1,3,S0111,test
10134,1,0,0,0,0,S0000,test
4017,1,0,0,0,0,S0000,test
10420,1,0,0,0,0,S0000,test
966,0,0,0,0,2,S0001,test
10485,1,0,0,0,0,S0000,test
138,0,0,1,0,1,S0101,test
4148,1,0,0,0,0,S0000,test
26837,1,0,0,0,0,S0000,test
26923,1,0,0,0,0,S0000,test
4164,0,0,1,0,1,S0101,test
286,1,0,0,0,0,S0000,test
26631,1,0,0,0,0,S0000,test
904,0,4,3,0,0,S1100,test
247,1,0,0,0,0,S0000,test
792,1,0,0,0,0,S0000,test
26961,1,0,0,0,0,S0000,test
55,0,0,2,0,2,S0101,test
4756,1,0,0,0,0,S0000,test
689,0,0,0,0,1,S0001,test
447,1,0,0,0,0,S0000,test
12,1,0,0,0,0,S0000,test
4881,1,0,0,0,0,S0000,test
4061,1,0,0,0,0,S0000,test
605,1,0,0,0,0,S0000,test
423,1,0,0,0,0,S0000,test
4799,0,0,1,0,0,S0100,test
10359,1,0,0,0,0,S0000,test
957,0,1,1,0,0,S1100,test
4948,0,3,0,1,0,S1010,test
26697,1,0,0,0,0,S0000,test
81,0,0,2,0,2,S0101,test
4420,0,2,2,0,0,S1100,test
4388,0,5,2,0,0,S1100,test
4214,0,2,3,1,0,S1110,test
4198,0,2,2,1,1,S1111,test
4314,0,1,3,0,10,S1101,test
4199,0,5,2,0,5,S1101,test
10403,1,0,0,0,0,S0000,test
553,0,0,2,0,0,S0100,test
312,0,0,0,0,1,S0001,test
493,0,0,0,1,3,S0011,test
10345,1,0,0,0,0,S0000,test
4578,1,0,0,0,0,S0000,test
4590,1,0,0,0,0,S0000,test
4505,0,2,1,0,0,S1100,test
26674,1,0,0,0,0,S0000,test
4251,0,2,2,0,1,S1101,test
10298,0,1,0,0,0,S1000,test
4510,0,1,1,0,0,S1100,test
10125,1,0,0,0,0,S0000,test
4846,0,1,0,0,0,S1000,test
121,1,0,0,0,0,S0000,test
4351,0,1,2,0,0,S1100,test
4125,1,0,0,0,0,S0000,test
554,1,0,0,0,0,S0000,test
4980,0,0,1,0,0,S0100,test
10245,0,0,0,1,0,S0010,test
26804,1,0,0,0,0,S0000,test
10292,1,0,0,0,0,S0000,test
26952,1,0,0,0,0,S0000,test
219,1,0,0,0,0,S0000,test
10303,1,0,0,0,0,S0000,test
353,1,0,0,0,0,S0000,test
4604,1,0,0,0,0,S0000,test
875,0,0,1,0,0,S0100,test
4149,0,2,0,0,0,S1000,test
498,0,0,0,0,1,S0001,test
808,0,0,1,0,0,S0100,test
26527,0,0,0,2,0,S0010,test
927,0,1,0,0,1,S1001,test
4771,1,0,0,0,0,S0000,test
4697,1,0,0,0,0,S0000,test
4226,0,3,0,0,0,S1000,test
10128,1,0,0,0,0,S0000,test
4329,0,2,2,0,0,S1100,test
4501,0,4,0,0,0,S1000,test
4253,0,1,2,0,1,S1101,test
26798,1,0,0,0,0,S0000,test
26810,1,0,0,0,0,S0000,test
26508,1,0,0,0,0,S0000,test
26853,1,0,0,0,0,S0000,test
10313,0,0,0,0,1,S0001,test
162,1,0,0,0,0,S0000,test
600,1,0,0,0,0,S0000,test
950,1,0,0,0,0,S0000,test
543,0,0,0,0,3,S0001,test
4629,0,1,2,0,0,S1100,test
862,0,1,0,0,2,S1001,test
10031,0,0,1,0,0,S0100,test
10242,0,0,0,3,0,S0010,test
949,0,0,1,0,0,S0100,test
185,1,0,0,0,0,S0000,test
4243,0,0,0,0,1,S0001,test
4967,0,0,2,0,0,S0100,test
4914,0,3,0,1,0,S1010,test
4751,0,0,2,0,0,S0100,test
26876,1,0,0,0,0,S0000,test
10294,1,0,0,0,0,S0000,test
26565,0,0,0,1,0,S0010,test
4867,0,2,0,0,0,S1000,test
10059,0,1,2,3,0,S1110,test
4356,0,1,1,0,1,S1101,test
26607,1,0,0,0,0,S0000,test
4898,0,3,0,1,0,S1010,test
111,0,0,0,0,1,S0001,test
4518,0,2,0,0,0,S1000,test
26543,1,0,0,0,0,S0000,test
4572,1,0,0,0,0,S0000,test
4052,1,0,0,0,0,S0000,test
10231,0,0,0,1,0,S0010,test
790,0,0,1,0,0,S0100,test
454,1,0,0,0,0,S0000,test
63,0,0,2,0,2,S0101,test
650,0,0,4,0,0,S0100,test
21,0,0,0,0,2,S0001,test
26641,1,0,0,0,0,S0000,test
10002,0,3,0,0,0,S1000,test
26609,1,0,0,0,0,S0000,test
4738,1,0,0,0,0,S0000,test
711,1,0,0,0,0,S0000,test
979,0,0,0,0,1,S0001,test
4577,1,0,0,0,0,S0000,test
26567,0,0,0,2,0,S0010,test
4558,0,0,3,0,1,S0101,test
26656,1,0,0,0,0,S0000,test
4715,0,0,1,0,0,S0100,test
4064,0,0,0,1,0,S0010,test
10360,1,0,0,0,0,S0000,test
10317,1,0,0,0,0,S0000,test
74,0,0,2,0,2,S0101,test
824,0,2,7,0,0,S1100,test
10001,1,0,0,0,0,S0000,test
4018,0,1,2,0,0,S1100,test
685,0,0,0,0,1,S0001,test
10029,0,2,1,4,0,S1110,test
4366,0,5,4,0,0,S1100,test
4532,0,1,1,0,0,S1100,test
10258,0,0,0,2,0,S0010,test
4323,0,2,1,0,0,S1100,test
4189,1,0,0,0,0,S0000,test
4395,0,0,1,0,0,S0100,test
457,0,0,2,1,4,S0111,test
4137,1,0,0,0,0,S0000,test
4345,0,7,5,0,2,S1101,test
4397,1,0,0,0,0,S0000,test
26553,0,0,0,1,0,S0010,test
723,0,1,0,0,0,S1000,test
971,1,0,0,0,0,S0000,test
4394,1,0,0,0,0,S0000,test
4947,0,3,0,1,0,S1010,test
335,1,0,0,0,0,S0000,test
26963,1,0,0,0,0,S0000,test
10300,0,0,0,1,0,S0010,test
10271,1,0,0,0,0,S0000,test
635,0,2,2,0,2,S1101,test
366,0,0,0,0,4,S0001,test
4143,1,0,0,0,0,S0000,test
10464,1,0,0,0,0,S0000,test
612,1,0,0,0,0,S0000,test
995,0,0,1,0,5,S0101,test
83,0,0,2,0,2,S0101,test
773,1,0,0,0,0,S0000,test
10385,1,0,0,0,0,S0000,test
695,1,0,0,0,0,S0000,test
223,0,0,0,0,1,S0001,test
4516,1,0,0,0,0,S0000,test
203,0,0,0,0,4,S0001,test
26925,1,0,0,0,0,S0000,test
592,0,1,1,0,0,S1100,test
4023,1,0,0,0,0,S0000,test
97,0,1,1,0,0,S1100,test
4634,0,1,2,0,0,S1100,test
664,0,0,0,2,0,S0010,test
708,1,0,0,0,0,S0000,test
662,0,0,0,2,0,S0010,test
48,0,0,2,0,2,S0101,test
4534,1,0,0,0,0,S0000,test
148,0,0,1,0,1,S0101,test
26724,1,0,0,0,0,S0000,test
661,0,0,0,2,0,S0010,test
26767,1,0,0,0,0,S0000,test
4311,0,3,2,0,0,S1100,test
26610,1,0,0,0,0,S0000,test
793,1,0,0,0,0,S0000,test
4478,0,0,1,0,0,S0100,test
4950,0,3,0,1,0,S1010,test
26816,1,0,0,0,0,S0000,test
380,0,1,0,0,0,S1000,test
26604,1,0,0,0,0,S0000,test
548,1,0,0,0,0,S0000,test
625,0,4,7,1,2,S1111,test
4159,0,0,1,0,1,S0101,test
4592,1,0,0,0,0,S0000,test
813,0,1,1,0,0,S1100,test
10110,1,0,0,0,0,S0000,test
4203,0,0,1,0,1,S0101,test
299,0,1,0,0,0,S1000,test
1,1,0,0,0,0,S0000,test
75,0,0,2,0,2,S0101,test
10295,1,0,0,0,0,S0000,test
872,1,0,0,0,0,S0000,test
4839,0,2,0,0,0,S1000,test
184,1,0,0,0,0,S0000,test
10226,1,0,0,0,0,S0000,test
10468,1,0,0,0,0,S0000,test
706,0,0,0,0,1,S0001,test
4095,0,0,0,0,1,S0001,test
944,1,0,0,0,0,S0000,test
10097,0,5,7,0,0,S1100,test
26577,0,0,0,2,0,S0010,test
10230,0,0,0,2,0,S0010,test
4655,0,8,1,0,0,S1100,test
355,1,0,0,0,0,S0000,test
186,0,0,1,0,0,S0100,test
717,0,0,0,0,1,S0001,test
383,0,1,0,0,0,S1000,test
212,1,0,0,0,0,S0000,test
871,0,1,0,0,0,S1000,test
4837,0,3,0,0,0,S1000,test
4878,0,1,1,0,0,S1100,test
26555,1,0,0,0,0,S0000,test
26625,1,0,0,0,0,S0000,test
4010,0,0,1,0,0,S0100,test
26752,1,0,0,0,0,S0000,test
26763,1,0,0,0,0,S0000,test
741,0,1,0,0,0,S1000,test
10499,1,0,0,0,0,S0000,test
825,0,1,0,0,0,S1000,test
4564,0,0,5,0,0,S0100,test
26587,0,0,0,3,0,S0010,test
59,0,0,2,0,2,S0101,test
10239,0,0,0,2,0,S0010,test
26731,1,0,0,0,0,S0000,test
68,0,0,2,0,2,S0101,test
26680,1,0,0,0,0,S0000,test
4587,1,0,0,0,0,S0000,test
4136,0,0,0,0,1,S0001,test
10165,1,0,0,0,0,S0000,test
10268,1,0,0,0,0,S0000,test
26903,1,0,0,0,0,S0000,test
10308,1,0,0,0,0,S0000,test
4461,0,2,4,0,3,S1101,test
129,1,0,0,0,0,S0000,test
4450,1,0,0,0,0,S0000,test
4019,0,0,4,0,0,S0100,test
4918,0,3,0,1,0,S1010,test
4069,1,0,0,0,0,S0000,test
26576,0,0,0,2,0,S0010,test
10081,0,1,0,0,0,S1000,test
10107,1,0,0,0,0,S0000,test
26597,1,0,0,0,0,S0000,test
290,1,0,0,0,0,S0000,test
4194,0,1,1,0,0,S1100,test
4834,0,1,2,0,0,S1100,test
4557,0,0,3,0,0,S0100,test
4666,0,8,1,0,0,S1100,test
10044,1,0,0,0,0,S0000,test
781,1,0,0,0,0,S0000,test
414,1,0,0,0,0,S0000,test
254,1,0,0,0,0,S0000,test
627,0,0,1,0,1,S0101,test
156,0,0,4,0,1,S0101,test
4421,0,4,0,0,0,S1000,test
622,0,0,1,1,1,S0111,test
986,1,0,0,0,0,S0000,test
10084,1,0,0,0,0,S0000,test
4680,0,0,1,0,0,S0100,test
26740,1,0,0,0,0,S0000,test
896,0,0,1,0,0,S0100,test
424,0,0,1,1,0,S0110,test
836,0,0,1,0,0,S0100,test
10279,1,0,0,0,0,S0000,test
4257,0,9,5,0,0,S1100,test
26514,0,0,0,1,0,S0010,test
26653,1,0,0,0,0,S0000,test
26937,1,0,0,0,0,S0000,test
10495,1,0,0,0,0,S0000,test
10274,0,0,0,1,0,S0010,test
10099,1,0,0,0,0,S0000,test
4591,1,0,0,0,0,S0000,test
942,0,0,1,0,0,S0100,test
10187,1,0,0,0,0,S0000,test
26939,1,0,0,0,0,S0000,test
26679,1,0,0,0,0,S0000,test
4414,1,0,0,0,0,S0000,test
10112,0,2,1,0,0,S1100,test
4393,1,0,0,0,0,S0000,test
10067,0,0,1,4,0,S0110,test
4454,0,3,2,0,2,S1101,test
562,1,0,0,0,0,S0000,test
4929,0,3,0,1,0,S1010,test
4644,0,1,2,0,0,S1100,test
4413,0,0,1,0,0,S0100,test
10194,0,2,1,0,0,S1100,test
32,0,0,0,0,2,S0001,test
4205,0,0,1,0,0,S0100,test
26670,1,0,0,0,0,S0000,test
795,0,0,2,0,0,S0100,test
10458,1,0,0,0,0,S0000,test
26789,1,0,0,0,0,S0000,test
4056,1,0,0,0,0,S0000,test
10288,0,0,0,1,0,S0010,test
4310,0,2,2,0,1,S1101,test
4588,1,0,0,0,0,S0000,test
10008,0,0,0,0,7,S0001,test
614,0,1,0,0,1,S1001,test
4902,0,3,0,1,0,S1010,test
4317,0,0,1,0,7,S0101,test
4429,0,0,0,0,4,S0001,test
4997,1,0,0,0,0,S0000,test
895,1,0,0,0,0,S0000,test
26833,1,0,0,0,0,S0000,test
26700,1,0,0,0,0,S0000,test
157,0,0,2,0,2,S0101,test
437,1,0,0,0,0,S0000,test
4709,1,0,0,0,0,S0000,test
197,1,0,0,0,0,S0000,test
4913,0,3,0,1,0,S1010,test
10215,0,0,0,5,0,S0010,test
10304,1,0,0,0,0,S0000,test
10204,0,1,1,0,0,S1100,test
4892,1,0,0,0,0,S0000,test
4700,1,0,0,0,0,S0000,test
10119,0,3,0,0,0,S1000,test
10011,0,0,0,1,1,S0011,test
347,1,0,0,0,0,S0000,test
26902,1,0,0,0,0,S0000,test
10148,0,0,1,0,0,S0100,test
4830,1,0,0,0,0,S0000,test
233,1,0,0,0,0,S0000,test
4470,0,1,0,0,0,S1000,test
26978,1,0,0,0,0,S0000,test
688,0,0,0,0,1,S0001,test
465,0,0,2,1,3,S0111,test
284,1,0,0,0,0,S0000,test
302,1,0,0,0,0,S0000,test
4309,0,4,3,0,0,S1100,test
4241,0,1,3,0,1,S1101,test
700,1,0,0,0,0,S0000,test
4847,0,0,2,0,0,S0100,test
10412,1,0,0,0,0,S0000,test
